Location,Date_Time,Temperature_C,Humidity_pct,Precipitation_mm,Wind_Speed_kmh
San Diego,2024-01-14 21:12:46,10.683001094715388,41.19575356694448,4.02011871570867,8.233540246873023
San Diego,2024-05-17 15:22:10,8.734139782353598,58.31910739552024,9.111623448229375,27.71516125689249
San Diego,2024-05-11 09:30:59,11.632436312930883,38.82017526915946,4.607511377146035,28.732951288236187
Philadelphia,2024-02-26 17:32:39,-8.62897589569391,54.07447397596174,3.183719747807655,26.367302672536635
San Antonio,2024-04-29 13:23:51,39.8082129746316,72.89990795294305,9.598282136749663,29.89862166929609
San Diego,2024-01-21 08:54:56,27.341054869124,49.02323606834762,9.166543302732745,27.47389608451584
San Jose,2024-01-13 02:10:54,1.881883367968177,65.74232453691016,0.2217090431972102,1.0731117811228597
New York,2024-01-25 19:04:34,-6.894765540954558,30.80489400823282,8.027623514181629,16.84833686516356
New York,2024-03-29 05:20:30,0.9635448943544382,38.81915764095648,3.640129168740153,7.989023971699378
San Jose,2024-05-18 09:14:02,-1.6070880384255215,82.19870131323366,4.101492971518511,25.647282070436543
New York,2024-03-04 13:47:15,35.14555906501712,54.7528656584597,8.349194966148637,25.43031001953068
Houston,2024-03-07 22:03:36,15.816763568100589,80.11990203459081,3.760004186158032,16.75213220623646
Dallas,2024-02-27 21:07:10,32.016897607941914,53.1943706422686,3.552671054425888,3.050196385564252
Houston,2024-05-09 00:53:10,38.64126926406863,85.95272555594032,0.4707818426036259,20.77926401089995
Houston,2024-05-12 15:57:55,39.66677191836734,72.74702581150828,1.2637221588915803,6.479492097370642
Philadelphia,2024-03-09 01:51:24,28.290114688292803,35.2391696910979,9.347204732507423,14.06676464016529
San Antonio,2024-02-10 15:05:28,16.349789500368708,65.81260731013612,0.1090902177262231,6.597039039560281
Chicago,2024-01-06 02:59:46,26.78681109139223,31.51361442291757,0.496024001203168,22.98009530460454
San Antonio,2024-05-08 16:20:53,35.179547637905685,35.08307099633185,9.597294106069914,4.507862705791494
San Diego,2024-01-31 05:38:46,14.605819227647064,66.64223518154034,1.515637132483002,29.43189020085438
San Diego,2024-01-25 12:59:32,33.02335071647172,52.6074849485407,0.2121426871714793,16.73332489134158
New York,2024-02-19 12:26:07,-7.383810968998663,54.0899734429906,1.905730596808868,6.637064359922473
San Antonio,2024-02-14 04:43:05,30.73968441192521,85.60377942511762,9.250558827213627,24.375951921426765
San Jose,2024-04-22 03:13:26,34.53965432610343,57.79300984762182,3.583559549270228,13.044745018260222
Houston,2024-01-11 02:53:59,-5.23630043714083,58.05429591894435,4.072880333901243,24.754053062706127
San Jose,2024-03-05 21:38:36,-1.7332000562731906,47.973206185785685,7.066381499617146,3.430740851987869
San Diego,2024-03-27 10:44:36,24.31272428565145,57.86927948562642,9.693765836797496,23.94718779509041
San Antonio,2024-02-08 20:45:03,3.0179508358924885,49.86821775161086,6.90661415717292,6.212007745123334
New York,2024-01-04 21:41:10,14.568327961896596,41.35017963841481,3.3427646873902006,4.781285854817266
Los Angeles,2024-02-15 20:47:24,-2.409511389244048,46.834004321949,4.550642656193359,7.437357098491817
New York,2024-02-02 02:17:13,-2.8620631459722787,53.3951721001782,5.473386906173373,28.51943017367673
Dallas,2024-02-22 14:16:18,12.865779477378409,44.72591150066254,4.809864948521256,5.567550044816557
Chicago,2024-04-16 00:07:29,17.587820198810913,32.81792253646568,0.1288031166572967,0.2341464002139759
Houston,2024-02-29 23:17:01,7.63037682806306,33.5236106765015,2.4627477926826624,13.23269632825726
Philadelphia,2024-04-20 09:34:59,0.3513732574871788,88.01515668253387,1.7953744815661044,21.66546591825598
Dallas,2024-03-22 02:34:26,17.439494910085937,56.21016081308783,9.728970819941186,9.497026568051362
Philadelphia,2024-03-16 23:47:55,23.405680835584207,78.91450560409442,7.767704375255718,3.67579206323228
Phoenix,2024-01-29 07:08:28,1.5126267854927455,89.41784602344461,5.210117250806438,7.332915455113817
Chicago,2024-04-01 03:12:48,-2.562659564252881,30.35659268680612,2.624327940593112,2.601357172764515
New York,2024-04-21 10:17:28,8.863085501621878,71.49254432410874,4.878106976166015,21.90418631416185
Dallas,2024-04-03 22:07:55,6.51428359633557,42.00601480863101,1.40519717021102,18.3857666424378
New York,2024-02-19 19:53:31,38.54553445508572,40.45083027570128,1.1234944722685123,13.262019553227326
Philadelphia,2024-05-18 02:32:21,-2.015243206241837,36.062192938638816,6.664136009247096,18.623464960477232
San Diego,2024-01-24 12:04:12,-6.853765398095199,84.66678016810256,9.027690729811445,18.23363186115423
San Diego,2024-03-03 11:02:14,35.666564603431475,74.06095593366784,1.328726429113336,24.16129534288677
Chicago,2024-04-03 12:07:38,7.166149704623312,50.37727255787604,4.669552853434745,11.8411653447305
Phoenix,2024-03-24 22:44:11,34.45364756018925,59.57697278853084,4.514322759604513,20.487150456793035
Chicago,2024-04-05 13:22:42,38.3862332590312,74.04971233524493,6.792912658106635,3.292467221763389
Philadelphia,2024-03-26 12:45:39,7.106603067429777,79.17732292186865,5.767120386880437,22.36447863070887
San Jose,2024-05-08 20:16:57,35.09744038143385,40.225819749904346,6.088405818629776,20.01338012524588
San Diego,2024-02-10 22:46:21,-5.8558237543535085,52.26313782453912,7.113659331615052,2.263166801598274
Phoenix,2024-03-31 18:02:37,4.644342012817502,44.42040499281212,1.9760095400373368,19.34360602351551
San Antonio,2024-03-15 00:09:26,25.81876555515251,56.58720204534033,2.8102420121675955,17.783903920322704
New York,2024-03-27 22:42:17,-0.0719821207166546,57.84436962230707,6.440449130053189,20.61742321997501
New York,2024-02-19 22:13:16,19.49970412322616,30.72690559260132,0.9612908844981384,9.214481930181073
Philadelphia,2024-03-15 01:56:40,23.03489274746097,61.83627506334304,5.984887195340792,23.052357805191907
San Antonio,2024-01-18 02:56:20,28.564152794528965,34.87164279146702,6.1368909669424445,22.281676940938635
Chicago,2024-01-25 08:21:22,8.708564974702668,85.23464429492351,6.896760567685739,20.61685797283381
San Jose,2024-02-11 04:20:02,39.68529995692247,36.12414498914817,4.860976001533606,26.395245474694985
San Antonio,2024-01-10 14:19:31,38.4747494282275,46.04406684437924,8.355548511066067,5.170237503370631
Dallas,2024-05-06 17:55:33,-5.378187061170899,84.47965426312626,7.589245087849536,28.50827263858062
Houston,2024-02-17 19:00:39,36.97609043534906,34.39634800127769,7.531080295174632,5.400062538352575
Los Angeles,2024-02-05 12:16:34,30.72841714228825,64.88170104559038,2.0749944961575952,29.129348273064323
Chicago,2024-03-05 19:08:19,-2.584092066801304,33.05959786866597,0.2203415326659352,12.462442261392251
Los Angeles,2024-02-06 19:02:21,31.730566759170458,65.33243677945956,3.673384684277388,19.71032548755595
San Jose,2024-02-27 23:17:08,34.882562153866,51.2660907520314,8.17077309222166,28.581855874230104
New York,2024-03-16 08:16:23,30.70803958488719,54.76298745303472,6.05131492505692,4.72350936254372
New York,2024-05-04 06:50:04,6.926827237536962,85.18748933967379,4.983685023182924,13.203945374674698
New York,2024-02-16 04:53:42,35.45401366040336,48.50552447549239,6.0410309223737695,20.96640089102335
San Antonio,2024-04-13 01:17:16,35.20538643572596,76.33970376551457,8.64992078424789,1.516557604010571
Los Angeles,2024-01-06 19:12:46,33.335416539565884,83.38480071008948,4.580279154719444,17.43262831909747
San Antonio,2024-03-05 22:47:00,33.313038229235765,74.84844145719055,6.771009760241591,14.730066799673107
San Jose,2024-01-18 07:59:09,32.77500795274025,78.27035012348057,2.17100595073937,0.6672368771225101
Dallas,2024-01-15 12:05:00,-2.994002145606358,58.632105329977385,3.6988496370350807,20.08018361671389
San Antonio,2024-03-13 22:42:03,18.25073612073336,89.90912121622364,5.597309931064348,18.755325697130928
Dallas,2024-04-15 13:57:07,-8.956553012686715,80.73161942998043,2.552757895318835,4.020764669095533
Chicago,2024-01-22 01:57:10,15.80199893195277,51.62227630975775,1.2582713312945204,23.72235752221433
Houston,2024-04-04 23:04:10,20.32075670785193,65.54468591112806,1.9637321828267047,19.64002961332933
Philadelphia,2024-04-25 01:43:53,-5.129359587366746,66.58527291986155,1.5540255084044996,9.958618675928095
Los Angeles,2024-05-17 09:13:01,-3.089434137692084,58.55910058853885,5.329172080949381,20.474034757070022
Houston,2024-02-17 18:32:10,32.60828833588853,39.67135639505854,8.453786764050133,18.499457878013875
Dallas,2024-02-17 00:26:18,13.234321072222546,80.16050747326877,7.893232502447037,19.614764738816984
Houston,2024-03-06 21:37:08,37.51556043900003,75.94624315264274,0.0348623752324861,24.30661695933074
Los Angeles,2024-05-05 12:20:50,29.292222427160183,37.25006398383455,1.715967560965861,21.529297859810185
San Diego,2024-02-02 10:25:50,38.19855791211762,84.96510096661883,2.753189783798715,13.676046279052755
Phoenix,2024-04-30 06:09:27,1.1748590179519152,59.38993865374031,1.8790236975215453,4.159059656517824
Los Angeles,2024-04-03 08:14:36,-3.997637249515092,71.73905343711525,5.163653940680058,20.26335365567339
Philadelphia,2024-01-28 04:20:21,1.2618719737781152,31.195788072913096,7.476354662822794,18.37136893058326
Philadelphia,2024-05-10 11:49:48,20.952918048525863,45.5175518475113,9.645094701887263,13.03656583118066
Houston,2024-04-16 20:54:49,24.26456868286712,87.39781380852604,4.183074541850931,22.97140224117292
Houston,2024-04-16 13:05:15,29.866898957278607,61.018927765564825,2.16063553831503,22.40361814663324
San Jose,2024-01-22 20:21:51,10.098394636782263,68.89099530254205,5.010062451035671,2.740234977095456
San Antonio,2024-01-05 03:41:22,34.36168343052322,39.63143165739236,6.322696187891488,15.452020631125812
San Diego,2024-02-24 16:53:49,-8.248509048423882,58.04193535036711,4.204966178650295,8.19680013693725
San Diego,2024-04-18 04:13:11,0.3280063717189723,82.21373172674475,2.5991949545363657,24.225841982017887
San Jose,2024-02-26 05:58:53,15.808754461465906,34.913191868512726,0.7383846206363964,14.924872769912826
San Diego,2024-03-10 06:11:19,18.522540618042104,82.75321578714093,4.054785916773773,1.9625163298158133
Phoenix,2024-03-15 01:15:24,-6.0956293165090845,54.08685741981847,1.5913490709322176,2.985199142552606
Houston,2024-02-17 09:34:47,16.94164686216356,52.75535247346011,5.813487823853772,11.802867947338688
Chicago,2024-04-10 21:27:42,2.68943120711295,46.189693895617935,3.370443906388758,10.963422345469848
Philadelphia,2024-01-14 23:48:23,5.415682190915076,79.80635111489408,9.980316288618011,25.58998621199704
Phoenix,2024-01-09 20:59:01,0.322623026516398,38.27860163115574,11.878246487386514,29.038672061291244
Chicago,2024-01-08 16:30:37,26.46376107326661,38.67411043402128,6.023869393285583,9.297149340619162
Chicago,2024-02-16 05:35:00,8.35321554464172,31.26483904611736,0.6530207289335355,13.078425226231442
Houston,2024-01-18 08:48:30,24.482728127498355,35.992393895309775,4.297327573574048,23.19576458719587
Phoenix,2024-02-02 02:53:49,7.80326914541449,76.85895656316168,13.98165647589061,12.364368158484698
San Antonio,2024-05-02 03:49:52,15.854044863103042,56.80982979898199,7.864779613547141,6.738186624429924
Houston,2024-02-03 02:14:44,30.23386954268875,54.664766900868365,0.2095205888790252,1.6334262060904636
New York,2024-05-18 16:41:48,7.420745381612175,72.9317844560875,1.850579593647332,9.344053206944563
Phoenix,2024-02-16 22:11:45,13.234992802510288,71.36666950391066,7.338217366648236,16.184387173844403
Dallas,2024-05-13 04:18:13,-6.231268999724118,78.58548598091252,1.7230662306104116,24.15165030694589
New York,2024-02-14 20:17:27,-2.923340725805997,63.30649339911277,2.7333196732875886,16.567581274518233
Dallas,2024-02-11 10:16:30,18.718705488774088,67.43264234847229,2.072488126366434,7.483154530329824
Dallas,2024-02-08 19:49:03,16.680030395148368,36.73655883958238,3.8555924102306607,3.3966314348653803
San Antonio,2024-02-01 13:10:06,36.56016747722671,72.45866912636276,7.95281781301769,9.95389557746551
Los Angeles,2024-04-02 21:49:47,11.958938841628466,40.42690481475391,5.676112997417127,2.672287015144104
New York,2024-04-27 17:15:55,30.18074557987729,60.32128531545969,9.058983910647802,7.082690988552722
Phoenix,2024-05-05 17:05:20,-6.748872059709562,79.56149042634468,1.113297097628515,17.850764188536797
San Antonio,2024-05-16 04:17:36,-2.564242532157354,88.86662647425109,9.16343760648604,26.41474720749888
San Antonio,2024-02-05 03:56:27,38.59503895096921,80.88425541751339,4.459529751407352,10.756647024021452
San Antonio,2024-04-08 18:01:05,10.466205057245514,71.17851293222918,7.730034258871762,21.4082587945052
Houston,2024-03-19 20:05:57,19.28608972738157,70.08873210137077,0.0320324845992259,29.61049550994989
Chicago,2024-03-14 09:43:19,1.2105074252369938,45.24440608056645,8.837098631958574,18.29268011014224
San Antonio,2024-05-17 08:02:26,24.00555762341921,80.66186044523887,7.691595885830065,24.8540495501237
Los Angeles,2024-04-09 01:55:23,21.40590492335748,82.25004757890207,4.722119744356041,20.52588958316239
Phoenix,2024-01-18 11:27:16,12.112864117881966,62.35151021478529,3.2692002037169043,4.86475346740712
Los Angeles,2024-02-12 02:07:03,36.52896112285401,41.32246802102449,8.630617033820588,25.84949402265516
Chicago,2024-04-21 12:26:03,25.40140851040085,84.48593654465283,0.5168616032272622,17.639527499352432
Dallas,2024-03-05 02:38:00,14.071095514762575,51.2327109797016,9.27650775978698,13.34338432480008
Chicago,2024-04-19 09:02:44,16.505075536414214,36.451222659143454,6.066320946994245,18.535702039440853
San Diego,2024-01-22 06:07:42,14.698397009222084,31.23925297883502,5.82197737211815,2.8781753519706434
Phoenix,2024-03-19 11:38:22,-2.9896543161387363,65.91771969164324,4.649643445932546,4.920762731057238
Houston,2024-04-10 09:10:52,10.591182640778673,48.71721312291754,2.836441114429876,0.1260861446213157
Chicago,2024-03-24 19:05:30,-8.370659764351403,63.08671031131108,1.558335066916664,6.21043270259224
New York,2024-01-14 09:27:34,24.360242957119524,45.714208443276966,0.8039660717766872,29.609741668388622
San Antonio,2024-04-13 16:14:39,5.763065333288012,61.448011392598026,1.2067120056516325,23.828556338580068
Houston,2024-04-27 19:12:45,-6.90531240131563,54.60398581092269,4.535152635973087,27.4797502744054
Philadelphia,2024-03-25 15:01:56,35.44085694558962,61.556715690863,0.9388016750251738,15.224278325603125
San Jose,2024-01-06 22:05:28,9.942874361480769,42.80054562727276,7.634571184699892,22.86661470540176
Houston,2024-05-08 01:43:14,35.69775656550977,45.00774633236576,8.203738766467897,4.31819890503596
Phoenix,2024-03-04 11:07:57,22.80544122302527,38.27739323182416,3.5398037976375907,1.255629954792179
Dallas,2024-02-08 04:48:09,7.499564776841876,30.360539639498853,2.0600926683042777,4.431734125845762
Los Angeles,2024-01-06 22:07:38,29.512001238005595,60.66400282569544,7.985482718304409,15.762180821200992
San Diego,2024-01-06 19:31:02,18.36567737490719,65.59930285171396,1.177652886011873,25.7992779027918
San Diego,2024-03-18 09:31:04,-4.389255480377693,55.81403932302528,2.164432408212802,8.312657785454915
Dallas,2024-03-28 01:25:26,21.548740784135827,87.3959301331503,3.5627636084256933,8.44484770091588
Chicago,2024-04-13 08:56:48,-0.832961039156423,84.57543677319157,3.560780905101951,18.78517406560587
Los Angeles,2024-03-16 11:08:32,-4.457750039183241,52.62900072138892,2.6985275617495805,4.334863195115228
Houston,2024-01-08 09:42:20,33.04991171929228,49.89338851170626,6.226384893786961,0.0274490079892297
Philadelphia,2024-04-03 16:17:53,-0.0485234514933665,42.82419981794074,9.011731233850318,19.519403737123767
Los Angeles,2024-02-22 17:28:24,15.582827846003813,85.13440738992934,8.006805061013118,25.70869673428874
Philadelphia,2024-01-25 04:48:44,-7.351832919799886,39.7674221942386,7.075503985561443,7.32148376833615
San Diego,2024-01-30 04:17:21,34.17542872002501,69.0305028875653,7.03203899468416,5.093592625138178
Phoenix,2024-03-23 07:38:34,14.28877492121362,39.855593379657,9.51487681082084,28.64532314687118
Houston,2024-05-03 07:53:08,-9.103733713960295,62.95922655185819,0.6463127335489438,1.6475638234172296
San Diego,2024-04-05 17:00:26,1.9280887024550808,47.21905430131933,0.6878092608471309,0.5946530778555292
Dallas,2024-01-31 05:27:44,-9.639583416462402,45.49023334571009,1.6115695358050108,29.4338974735378
Houston,2024-03-23 03:10:20,-6.4518580911787655,38.80300873771128,0.4837123921181907,19.693074983679043
San Antonio,2024-01-01 01:19:08,22.058238433713026,79.17350843238799,2.3506739534117225,6.946438356175033
Chicago,2024-01-16 07:06:04,38.5007289116013,49.02279710886971,6.101121028578273,20.181631856658143
Los Angeles,2024-04-01 09:32:00,-3.4874534708335982,63.79160715979014,2.0404334427470783,10.531007045517756
New York,2024-05-16 23:02:31,16.844816771946427,84.02558925429335,8.66827080333176,11.850051986246608
Dallas,2024-01-14 02:38:59,9.887183366210593,56.35560788872911,3.5747608766914563,22.83263175086597
Philadelphia,2024-05-06 06:12:48,-1.4285575183094004,37.66368255116487,5.800791989435519,2.9156270987518687
New York,2024-03-29 22:29:52,8.016448504090715,63.68312494044167,2.135885782054312,12.564563026395778
San Antonio,2024-05-12 11:47:40,3.5371290784333844,54.45669196321837,5.49214475357533,10.613704070302116
Chicago,2024-04-05 03:53:20,10.164737342872474,56.41924582111383,9.852598648764603,23.852429480006883
San Diego,2024-04-03 22:15:10,18.23110441748302,75.87341164831633,4.559155824950865,7.858463924084446
San Diego,2024-01-21 06:29:46,10.786417673495585,73.57089565014064,6.6542364344241,22.94939891643732
Los Angeles,2024-01-03 13:58:18,21.09658766055672,39.45657018934607,2.291670523648117,11.628726028155068
Chicago,2024-03-23 15:43:21,28.792197277966885,69.21279042475115,2.464356877452698,7.316576633718055
Houston,2024-01-28 15:39:41,6.757613230894002,50.732999959119375,4.557164065388473,11.195330755313112
New York,2024-01-12 18:05:38,5.304322030554534,58.96354481278854,6.147167385344568,22.676920553837377
Dallas,2024-02-19 08:52:39,3.63855461957122,46.17683847628371,3.22799965195462,5.376813682748027
Los Angeles,2024-03-13 23:10:14,0.1165247713381418,55.497990187718585,2.988412687432432,29.68457691849573
Philadelphia,2024-03-20 18:30:13,-3.4288366624410944,70.56687947000074,9.844360917818008,12.487624870458989
Dallas,2024-01-11 22:58:06,17.67991482088027,39.667008668000136,7.03711398675257,0.2218645823391873
San Antonio,2024-04-17 21:19:36,3.722745250868989,72.80249036234565,6.32016061808762,23.083023638982933
Houston,2024-01-05 09:19:48,22.09741373067017,74.44662236920394,2.0748858545970994,5.112210295911488
San Diego,2024-01-20 23:48:40,-2.8516909223134403,37.53787989384493,0.2627891047112074,28.417530445809
Phoenix,2024-04-19 20:16:33,3.124136250793644,44.91053097623932,2.688971248226686,22.821393069736075
Philadelphia,2024-04-27 04:03:46,24.22070316887477,50.78268910012271,1.8501460384471848,27.5147451283377
Los Angeles,2024-03-09 01:20:06,28.31139651154227,36.30520085374686,2.6247812210217383,28.098055083623983
San Antonio,2024-02-11 03:12:43,2.570531791004857,78.31148956826699,1.1970635890674242,1.7389029232488007
San Diego,2024-01-11 10:27:07,5.603809981683003,46.54356514877428,4.259917495949477,17.493587585557194
New York,2024-03-02 04:42:28,-6.352958809013634,86.1826937255542,9.318876408782534,23.11450192489569
San Jose,2024-02-16 07:39:33,14.287343032749805,85.15843420023702,0.939295773834492,28.27103681298587
Houston,2024-01-09 23:53:33,38.6657450716549,83.79197437937066,9.845844341613525,14.596051051802606
San Jose,2024-04-11 17:32:12,10.323655490347605,41.98481418871106,5.407238013794656,24.88322394159442
Philadelphia,2024-02-09 02:17:52,3.2764377273626284,67.92462367259492,5.31158144410115,4.304584235353987
Philadelphia,2024-02-23 14:13:45,-9.7157667841289,72.06648103955533,0.2529191564484068,0.3361275880349235
San Antonio,2024-05-07 18:15:40,19.476224496154984,84.4508503825526,3.931055307328346,0.1142434418106574
Los Angeles,2024-01-12 22:38:06,19.586851624749507,32.62039863094303,0.9655909521101969,6.287645612083555
San Jose,2024-02-14 23:55:55,24.12480772693074,67.12579587170974,3.748825083384805,8.624139012835805
San Jose,2024-01-21 20:43:17,20.657818189958306,87.27192378768873,6.17126520260455,25.154531710723948
San Antonio,2024-02-02 08:09:56,22.490351628274706,65.66390296905621,3.4936878955856834,14.259830138434632
San Antonio,2024-05-07 07:20:25,11.098354408419825,87.16127133312041,4.279766626609197,2.381774670682489
Houston,2024-04-25 07:51:16,19.9411263320438,57.55440796962368,4.525554840907051,28.84292241623704
San Antonio,2024-02-11 23:21:32,7.384055523987037,50.70041510283802,4.463576236124497,15.106852838287178
New York,2024-05-11 12:00:20,36.438676886465785,33.61035470240314,8.80436597553688,27.50745744315395
Los Angeles,2024-04-19 11:15:59,-4.002277811344948,86.38576195192073,8.321605337807636,3.7691035446476704
Houston,2024-01-17 20:29:58,24.92022269267656,77.76942081235698,5.718487371956792,4.9119077948047725
San Jose,2024-03-28 03:37:59,36.03013479706048,68.74334688075788,3.910135046843952,5.4300229383698015
Los Angeles,2024-01-26 04:30:25,35.27750639113498,82.19860244976724,6.604995963498085,29.146886152203862
Chicago,2024-03-25 03:34:16,38.47694384864997,72.84314597710387,6.897139490539214,0.298166071876268
Houston,2024-05-11 08:44:41,19.768634168759988,78.58070493825602,8.996857415858205,2.0427079276311213
San Diego,2024-03-21 22:16:37,3.382441196804717,52.27838286268536,1.808698842073437,8.312178897248565
San Jose,2024-01-05 12:04:19,17.746673725402403,67.68483103116533,1.0199964362477976,16.288961774221807
New York,2024-02-24 14:28:21,24.28704737270563,40.99820347016679,5.724347453239012,12.24583478700402
Dallas,2024-03-29 04:24:01,4.467647325457788,42.2543901675446,5.346423391089679,26.114452253511644
New York,2024-02-03 02:06:40,34.118115434261505,50.83515011018535,5.350690553135555,16.468933762691623
Chicago,2024-03-29 05:06:36,19.72245662661911,33.1639971002113,5.921976018530822,26.33507360781421
Chicago,2024-02-10 23:50:22,31.20688943135245,48.88935090712008,9.92232332903029,28.93643247682989
Los Angeles,2024-05-04 22:03:38,11.065331427570932,39.305181961592936,6.906250860218699,9.387087682054217
Philadelphia,2024-04-28 12:04:15,38.30445617548135,32.298643670093185,2.5704825361431825,22.99661447679696
San Jose,2024-03-31 01:49:17,19.04436125488173,74.44176231891035,9.507525558838248,22.429978786712766
San Antonio,2024-03-03 05:03:12,22.21134741972866,80.13308122979078,6.490042310030292,18.04616043959377
Chicago,2024-05-06 16:52:59,31.53563109077944,81.2272767334214,1.0292076774049452,15.806348915145149
San Diego,2024-03-24 17:40:55,36.894370737272176,85.15736795224132,7.968584975714711,9.270588556212305
New York,2024-03-30 08:16:14,3.434408409173232,58.90899894998742,9.610420095795982,18.57003587842561
Philadelphia,2024-04-05 14:42:48,-4.144493168704091,43.3943786711793,1.270339602996653,23.762169451626523
San Antonio,2024-02-27 17:55:49,30.27333346582435,64.32394103575533,3.575072740681895,20.87437975492957
New York,2024-03-22 06:45:33,12.672985091602737,67.37516639803493,7.942488037239267,27.5437298549
Dallas,2024-05-07 14:24:30,6.015257446474973,39.59515437703188,9.958247423207435,20.815924812535503
Phoenix,2024-03-15 12:07:27,34.561988741967646,49.962444689089104,5.424314462772269,23.268784881561416
Houston,2024-05-17 07:57:00,34.70959125017045,83.56680075465292,7.830188070866441,18.6914190379082
Chicago,2024-02-05 00:09:35,34.59877164195722,73.57665830309517,0.9626486923858923,3.036170659260565
Houston,2024-03-04 00:47:57,-1.086734943237552,69.12659104365412,0.9253882277965232,13.167361098661075
Los Angeles,2024-04-25 09:48:54,36.36376050314783,67.3698053935601,8.327157919806833,8.207211687938644
San Jose,2024-03-18 01:00:18,17.863356816528167,74.05191541766297,5.970904138439682,14.120851317238088
San Diego,2024-01-17 13:02:20,-3.7337494813937138,80.15085442938043,4.113672365303187,18.357533113269945
Houston,2024-02-26 19:13:59,-2.294969824670776,52.760768837831534,7.108028822000804,16.640783199569565
Dallas,2024-02-12 00:49:31,36.135084021230085,58.04879697751697,3.9162112876193023,1.6208416928564606
San Antonio,2024-03-13 06:40:00,18.798925030203964,86.9820670453387,5.967045565400686,20.599702760252484
San Diego,2024-02-27 05:28:42,31.55595188418316,54.91009985058561,4.724855080255822,17.354052466253425
Los Angeles,2024-03-23 17:41:46,24.723068951277725,78.3747321318592,5.428988396483607,4.775756565003466
Chicago,2024-02-06 06:03:39,-5.89224461929366,39.13285712981957,9.74391897472165,0.4005117597169594
New York,2024-03-31 02:20:03,39.47396777180816,54.62465512778824,2.923340247536814,28.258582308650773
Phoenix,2024-01-03 14:16:29,-4.62345322713364,35.481975722932006,5.795466855690149,24.57563676724644
Phoenix,2024-04-15 08:31:03,-4.931283475128647,70.11130381463909,7.185982672636012,14.595481439844722
Dallas,2024-03-06 04:07:26,13.491370237215827,75.18536472573817,3.5342602358498243,16.202228414517904
Phoenix,2024-03-28 20:33:08,-5.43835991295162,54.89915132469463,4.781891987924598,20.40967581559408
New York,2024-03-28 19:30:43,14.20372450205224,73.03498238184048,7.2335173051405555,15.772285125907835
Los Angeles,2024-04-27 01:35:41,8.879097001232719,49.712543809643805,7.039752423996077,10.405504843558068
Phoenix,2024-02-19 11:37:16,0.3580687647990253,44.744006058620734,7.135213397945261,18.74926709143158
New York,2024-03-10 09:28:15,26.178008391443257,61.54669173563869,9.873864272995355,21.575504747758693
Philadelphia,2024-01-21 22:53:13,11.227356044815023,36.93146204988649,3.775872810733509,7.616386354207218
Los Angeles,2024-01-10 19:17:53,30.58616042108661,83.4465196897074,0.4195378776264713,18.816941462075164
Houston,2024-01-31 12:09:06,4.333173161628448,81.0713533548217,2.148358803587256,12.544635577109789
San Jose,2024-02-23 01:46:10,38.17044892999494,59.67359179220322,7.895958134798517,11.87627972147526
Chicago,2024-05-16 05:23:45,20.033550888712355,81.01007901753724,6.882834634752795,1.2780755642812247
San Diego,2024-05-17 15:28:47,12.787640577064394,67.11861534541534,6.295574980295527,22.38567346732232
Dallas,2024-05-05 17:16:47,0.9162934215840616,40.88806681383669,2.933994216841904,29.06799625391264
Los Angeles,2024-03-08 05:59:13,-3.4920694582230203,43.50583966149114,4.015693429991769,0.6741265778103822
Chicago,2024-02-20 15:27:07,39.17819467530677,38.76638144929013,8.622146263978754,4.601397544331371
Houston,2024-03-07 04:37:53,23.788436666133983,33.32467942642555,9.976003956010194,16.05000118047606
New York,2024-05-12 23:35:45,35.962565704264165,61.46257576560122,6.662483790509242,28.553655465659624
Houston,2024-01-27 18:15:28,5.282476705432213,43.83368070449305,4.814213199112637,19.15629904497789
San Diego,2024-01-19 18:44:35,24.75534700920125,58.84687205354136,5.90926822865396,25.8474129490992
Chicago,2024-03-18 10:51:56,28.3398722653058,73.41647012487205,9.842190572947212,25.737563772043394
New York,2024-01-28 02:34:48,8.45293592512251,53.45340203690226,3.554529416916613,18.46290661770583
Chicago,2024-05-08 23:02:14,9.57016517935255,64.20140308058416,3.676588781907349,5.280103778066625
San Antonio,2024-01-12 19:59:25,16.211745220044108,73.04924710687183,7.019820690155784,29.72438437344224
Houston,2024-03-01 21:39:22,16.13838571279117,58.17824724395664,5.536428107429636,7.030985895766724
San Jose,2024-01-16 03:34:48,26.71414539060907,35.06134192425891,7.763626949091494,18.17413997246616
Los Angeles,2024-04-17 14:30:35,0.797198966102723,34.462523053342075,9.700711323768198,10.353702687617268
Los Angeles,2024-03-28 21:11:50,22.78315537368247,42.12301084539909,9.2233469057798,22.40680330202708
Houston,2024-04-01 10:52:32,6.180231107084875,44.15801123597596,8.826904270068761,18.30768693646494
San Diego,2024-01-10 22:05:31,15.158048119419956,31.48468918024788,3.1322314918722114,16.910645692790602
Los Angeles,2024-01-04 06:43:19,-4.838736044093436,38.96021821395197,2.8333612384240747,26.46477605668944
San Jose,2024-04-11 04:11:26,15.637794696076526,71.32443463478918,3.175265039961736,26.217135753321088
San Antonio,2024-05-11 10:42:12,18.229805455475272,61.26423545366942,9.972563415328612,19.405446166957
Phoenix,2024-05-05 13:24:55,-4.636007879783263,75.20312064026143,6.40658384734785,12.842004255240964
Philadelphia,2024-02-10 22:24:39,25.92316343067958,43.98062626417905,6.110524740732606,28.885687569789376
Dallas,2024-02-03 13:23:31,19.101223701278776,66.20322561756319,5.102209027210649,15.958839406591212
Chicago,2024-03-06 09:25:29,-0.8596731466415406,50.97533501654107,0.4833974497580096,10.931493144434706
San Jose,2024-03-05 14:52:19,30.72032293469531,32.233703875053834,0.9817529842489948,17.217324111615333
Houston,2024-05-08 04:15:43,10.15242799017298,63.37930107397758,4.284169045020191,6.283157815799107
Phoenix,2024-01-08 09:55:33,31.46446610196256,44.95030715514291,9.653469193871738,1.1529917477210827
Houston,2024-01-28 04:42:42,3.900135230656824,72.12239372375706,5.913613916308172,21.376641751087178
San Jose,2024-02-17 04:54:17,14.874590667518929,44.45484795761965,3.4291150953893537,10.287887906534891
Phoenix,2024-01-19 15:01:03,14.525021300632842,66.10962808450807,4.533543025539912,19.854184633181745
San Diego,2024-01-02 12:01:26,23.60733461681557,68.42762649493196,0.4583338490513655,6.745694686581043
San Jose,2024-03-19 19:28:23,-2.9878661894107674,64.40656585554187,9.43613282291401,1.208181920266358
Los Angeles,2024-03-05 06:39:12,9.963732800372782,62.24684256675174,7.405120953243609,28.57123077507273
Dallas,2024-02-25 23:44:18,3.0642990042701026,86.86180231799985,3.491708748589769,23.00142815201845
Chicago,2024-03-27 15:49:17,-6.609185775582912,68.62681408021672,8.009829160166873,1.7377126699906698
San Jose,2024-05-03 00:42:27,27.084574127387825,51.32054763706725,6.652811718023621,12.884596000963407
Chicago,2024-03-15 19:23:19,12.567051395105391,36.022293929825025,7.6700803492263425,4.088997918928055
Los Angeles,2024-04-23 21:59:23,28.863252436309068,37.041106772742296,0.1922828965429812,25.06743103644472
Philadelphia,2024-03-10 04:21:19,2.016325879055966,57.28071297660641,7.478862128411357,1.933073315061832
Chicago,2024-03-22 11:54:41,-0.8667195619012826,78.54892592990015,5.927897760771267,19.22113423056469
Houston,2024-04-08 19:56:51,-9.455088862166985,64.66914602682871,9.306047949530033,8.842658596254571
Philadelphia,2024-01-01 06:47:10,36.724218376223305,49.80766168104687,2.1079581636274614,6.196403027963107
Houston,2024-02-29 17:23:41,-9.25942036086342,83.86576733012222,7.139106236562927,6.7967747385501145
Houston,2024-05-12 11:21:57,-8.351635085273713,81.36815415219388,6.6344913282037545,11.68564987212666
San Antonio,2024-02-28 11:06:19,1.105839997062084,75.35374202725893,6.132640114441185,3.809638666948377
Houston,2024-04-26 01:56:20,3.656623892671844,36.76898368065114,6.2002642283728,17.84641481299804
Dallas,2024-03-02 04:49:47,-9.359910213258068,75.70621966284547,8.77244787473274,27.710711923507976
San Diego,2024-03-27 12:32:26,22.92993152317495,82.35146760317502,9.745350383054287,6.968079363765841
Los Angeles,2024-04-22 03:54:00,14.142393602618284,46.99437316982164,8.048825542887764,9.039119010667346
San Antonio,2024-02-09 07:46:06,34.88814758112834,68.84872502224934,1.2631534617375817,29.086308320972663
San Diego,2024-02-16 22:09:29,35.26814275985482,31.442278325441183,7.4482381595956015,23.39900387927461
San Jose,2024-04-16 03:44:08,17.199707175658055,71.42930031242376,8.904156590938683e-06,4.665638011551899
Los Angeles,2024-03-18 13:22:09,-1.803073045767036,48.80580452404205,6.232834202468434,11.998314336010717
San Antonio,2024-02-22 15:23:02,4.793756778625744,80.15718707233715,8.364679179482192,27.54865553483687
Los Angeles,2024-03-10 21:31:01,20.03950893035257,34.24991734534377,0.013633451373981,21.262035094234363
New York,2024-05-02 17:45:38,33.19310408664104,79.97963952783319,8.456078701222093,1.3442514471289768
Philadelphia,2024-04-02 23:06:36,37.51561486121792,59.17930317594899,0.3437314749049158,20.96193150235843
New York,2024-02-14 20:21:45,2.404650356923696,42.33835061293173,0.5786812302708344,29.7151209948813
Los Angeles,2024-05-12 03:52:10,26.902361323501687,53.05943198978056,6.723052290870498,17.43756562900917
Chicago,2024-01-11 17:00:18,19.43649360683496,57.53491767428973,3.277195074003524,29.661854077084428
Los Angeles,2024-03-09 04:18:15,23.061692902883912,78.22408822437146,0.3093591464966272,2.205851421139542
Philadelphia,2024-04-04 18:34:12,27.81934144699948,69.98667788668835,3.020471839808636,1.2218942505555974
Chicago,2024-02-29 03:50:00,22.20165258174112,31.11014299443104,3.8822374350485545,8.336646999943834
Phoenix,2024-04-15 16:57:28,3.9588930058198,75.76921624978579,9.201133603881122,10.148685870584533
Chicago,2024-03-07 15:52:44,0.3454713548475467,40.74916634175914,1.1727196175868182,8.355530783584458
Philadelphia,2024-01-28 23:46:01,29.619231050726498,80.29775045356779,7.788653496211709,0.9068773530170504
Los Angeles,2024-04-09 03:19:21,0.8989288539951374,73.77539182622357,6.850573757913038,14.416903915584916
Houston,2024-03-07 15:35:07,26.700216548297263,75.1113705566911,1.2349767535681766,5.246289632822228
New York,2024-02-09 08:47:20,7.436049055668551,48.76769421871946,9.47617561835046,1.667574711518458
Houston,2024-04-30 06:28:37,23.039928042627707,44.495423326819065,1.0795095580099034,6.3449392627456085
Phoenix,2024-04-27 02:02:56,7.091312046930646,41.43935509689187,2.202240863439741,11.645805005601998
San Jose,2024-05-05 03:43:00,-5.823939883496362,53.87824748041737,0.938852517331582,20.04709523153037
Chicago,2024-03-27 10:39:34,19.6929308763156,71.90684620975219,4.25215677923897,1.8199750252617983
Chicago,2024-05-05 21:35:41,39.39756057369057,80.46337213310525,4.990892096643671,28.89118340866673
Chicago,2024-04-04 23:41:33,23.91108780832753,39.01684965897584,0.8121713211341919,22.31534726232349
Phoenix,2024-02-09 22:11:43,11.957115316089586,64.3794850581117,9.887605342433696,0.1571502693149207
New York,2024-01-16 15:30:13,4.828519749336572,51.19174565816447,3.2357514060187995,2.6090349168235214
Phoenix,2024-01-07 22:12:56,14.308219984452068,31.51264104763116,10.515249419182188,10.084973718088092
San Jose,2024-03-23 10:32:46,19.19909283310393,77.77445139086532,6.392873336427281,27.36977423058719
Dallas,2024-03-04 17:11:06,2.2568677816396736,63.33288053125258,0.6884870137911114,13.791413524015164
San Jose,2024-02-15 15:30:21,33.342391150102905,45.81669658738639,9.035694770791494,19.17543452824357
Los Angeles,2024-04-01 05:02:30,-3.533878492991379,51.698821629738106,8.423294754646765,11.07741567413749
San Antonio,2024-05-06 22:50:50,-5.272652470621883,31.221390864971188,0.8489099321553717,1.213333919681665
Dallas,2024-04-17 00:39:52,-7.6599292600243585,53.06652020096057,8.215715953513188,3.186123601852712
Philadelphia,2024-01-25 00:58:51,26.65300591028432,41.25911505872875,9.796148826597578,20.48685606330336
San Diego,2024-04-13 04:04:49,15.18368168459,41.20526780140413,0.6049242732325155,23.36189526397556
Chicago,2024-01-24 01:21:36,6.075480655981966,86.33050480769178,1.927695642957562,5.121378496950538
Chicago,2024-03-18 01:45:02,-6.491211763963403,48.22688862056528,7.994056639235318,5.415908573080275
Houston,2024-04-21 21:57:44,-5.653848184643747,64.34855766738256,2.6948112642264666,23.464693716681964
Los Angeles,2024-04-12 12:41:55,31.66402116772815,30.17750495738608,6.338888156243629,4.260369097026882
Los Angeles,2024-03-09 06:20:35,1.856291751986486,43.44120297778845,3.4859995686778023,26.625259789749595
Phoenix,2024-02-05 21:53:43,-1.5704434745464535,52.19591820351065,10.83017713598245,17.672639553031367
San Jose,2024-03-06 15:18:42,33.649263530047854,68.2358829761539,2.689464276539244,20.6656696450188
New York,2024-03-12 15:44:58,19.590122270227525,70.99790931921532,0.7027442611766055,24.52681339349877
San Diego,2024-05-13 03:12:27,22.81527718627151,65.97451447168588,6.244844557715679,0.0481640721633569
Chicago,2024-05-11 09:43:51,0.5617896410979242,75.5779212749372,0.3970209325654372,24.42385214790942
Houston,2024-03-30 00:50:49,27.674450840574053,47.45430827567056,4.937740543532501,13.21286548469739
Philadelphia,2024-03-28 01:35:31,25.22286697336446,45.19045870909612,3.585300519412572,27.709004247025835
Los Angeles,2024-03-28 02:33:50,-4.42243519130622,84.86055018015713,3.695162665858971,21.966328717512663
New York,2024-05-02 18:38:37,20.75840488888829,85.51948683865916,5.7259143852324526,8.800251877691327
San Jose,2024-01-25 10:27:43,39.4142302098411,85.08841508158517,4.168194355074545,10.523610204229072
San Antonio,2024-04-19 10:42:51,16.29433890188481,62.80676038943763,5.243497451483511,21.93768738180436
San Diego,2024-04-29 01:43:48,-1.7414435597375402,62.90766887886397,1.5575338067003075,14.491744458745488
San Jose,2024-04-17 04:11:41,-3.53231140815339,82.7842832787162,2.2616685111850057,11.1443324048763
Dallas,2024-05-16 00:19:41,6.767254870623916,70.67267866469051,2.641195983563144,28.71853578414548
San Diego,2024-01-15 00:31:14,-0.1762672391577595,65.46355506601783,7.357479160924959,10.242721973147898
San Antonio,2024-02-28 17:40:17,9.767903675584815,50.75869189947023,8.379767772244906,4.605851768589663
Dallas,2024-01-30 17:09:37,30.69315562373844,79.257804735525,2.58842637092328,25.039064896961413
San Diego,2024-04-01 21:16:44,0.5690163483276027,33.34227060440111,0.6948547509489755,28.098968544559582
Philadelphia,2024-03-17 06:56:18,-7.329461886438712,58.08005279197409,3.1980968705031065,4.704339373318489
San Diego,2024-02-09 13:40:03,1.194147778304158,76.44453191870349,9.761604806910244,5.350938228996188
Phoenix,2024-01-15 06:12:46,-5.084895270375494,57.15366696654033,3.4675098395069632,18.593829177648296
Houston,2024-04-11 13:39:18,4.140898153263986,56.807190344662295,2.5100589484537794,27.967435540663043
Chicago,2024-04-04 09:04:15,38.28412520406297,84.57072804482033,5.737403456076493,1.670049562107514
San Diego,2024-02-25 07:28:23,19.31359988209175,33.043683740577364,7.900483522411906,11.411724289541912
Dallas,2024-04-29 18:07:27,1.153667151316732,80.6186041830292,9.03560579311987,28.459113169289
Dallas,2024-05-13 01:39:41,12.415934364076133,72.51487327935341,7.498923284351808,24.953856979536123
Dallas,2024-02-21 04:56:25,-6.779561674233877,55.00419643110588,2.432757917140779,11.687120724719524
San Antonio,2024-04-04 11:48:25,11.19225701173481,76.36308452096516,6.064323131508953,25.771272137997528
Los Angeles,2024-03-29 20:03:59,7.4459670163523555,85.50844376550282,6.970826911283741,14.70690470418002
Houston,2024-03-12 14:10:50,21.18329103736728,47.20353748285634,9.913579387453131,3.511926622415121
San Jose,2024-04-22 03:42:37,26.41875787569472,87.33757297996117,0.8133623985603833,28.44504084928311
Phoenix,2024-04-01 16:20:22,18.758354283988147,54.18464184907943,1.2995902619053767,11.218079290049292
Chicago,2024-04-07 20:35:16,9.814952334399528,69.24506268737707,2.716731041081266,19.51938951575316
San Jose,2024-04-04 16:34:09,15.546684567955868,60.17405510929663,0.3423313377999804,6.672350812777252
San Antonio,2024-04-17 01:56:28,31.32610039564775,74.49908668993251,1.0880982201461098,22.2314839196589
Dallas,2024-02-21 22:17:41,34.36641816567396,60.95873390777432,6.598507690638521,10.62436134075006
San Antonio,2024-01-29 01:38:30,39.14022954590479,74.30882058856446,3.763811920147704,24.784545962130466
San Jose,2024-01-30 02:50:53,17.644708377226916,56.07988614424026,9.99058210369576,24.765374978983942
Los Angeles,2024-04-22 06:45:18,0.575486470209011,35.20183814027188,3.5357308904405995,27.39573484237629
Houston,2024-03-15 07:01:46,27.40666063014089,37.19434684830762,2.3038023305076125,14.53611543504939
San Diego,2024-01-09 18:08:06,39.681215920793846,47.45340199533594,1.3659424859740454,12.004995992544792
Dallas,2024-05-07 09:44:19,25.13993269340568,51.95716978055134,9.732990779204426,20.11211734820285
Houston,2024-01-25 05:53:14,24.489862954655408,68.03878458770086,2.4385136648530303,21.948578773911365
Chicago,2024-03-24 17:44:15,17.285329893969262,45.12768203531459,9.738928125172263,21.55930227797912
Dallas,2024-04-28 21:44:21,27.470178790303866,89.62423376786566,0.4592676076071267,11.1459381580667
Houston,2024-03-11 22:37:04,4.048501326283519,49.3499471473874,2.538064205440431,11.644649014257762
New York,2024-02-04 00:12:40,-7.012708050367752,76.09849296549866,0.9538192583439064,6.651510453173274
New York,2024-05-10 11:58:45,35.45539002392715,44.581452623898734,2.8277398429777945,5.737535678497371
Chicago,2024-01-03 22:26:55,-6.329468125236229,35.185518986329484,1.506386486452027,28.78245767747856
San Jose,2024-01-30 00:31:19,35.37684814724278,55.65057656807196,5.478791192422303,18.60264682897701
New York,2024-04-22 19:57:32,23.05915334097481,72.87212780799288,0.2210598921668094,0.758193959138227
New York,2024-05-16 01:36:49,19.94663524938789,84.80595838185408,5.9367263169597,29.44834653280653
New York,2024-03-22 11:30:39,30.15550303415141,50.49939613816979,1.4337932273299248,27.46183717798645
Dallas,2024-04-07 07:56:39,32.78678783866929,59.48441067957363,0.3948070259059877,6.176826371171984
Philadelphia,2024-01-21 23:26:25,30.551766890545323,45.73128321036668,1.0943624410023334,27.89094155737812
New York,2024-03-05 16:53:07,-6.395477926343426,43.66530409112172,4.283967454935006,26.526098852425267
Phoenix,2024-02-09 16:58:08,24.417374199871,46.77136474086788,8.471779997898926,12.865990440924204
Dallas,2024-02-24 21:37:38,-5.324661660816329,42.796660090770985,0.3757762851508861,27.97478912391313
Phoenix,2024-02-09 22:24:13,16.235041292739414,66.87957272223971,3.1990046030997847,1.6745922176667285
Los Angeles,2024-03-27 20:35:36,13.694952198477475,30.489203920811097,4.237562682698096,16.55239296571617
Philadelphia,2024-04-27 22:46:31,4.492666398624564,88.22557783658638,1.2894544450363332,14.73609767021394
Phoenix,2024-03-11 19:46:49,26.79886615764535,84.42307311731574,2.333462643921995,2.034448772733274
San Antonio,2024-03-06 00:46:19,12.295350811698654,72.80382733293698,2.422945933474786,28.25851986356755
New York,2024-01-16 02:35:47,12.816109614588765,46.81409816560844,1.735971630657257,22.513615953455723
Houston,2024-03-04 12:13:12,19.622944026488224,80.30926614289973,7.740267302814637,22.55769862304419
Houston,2024-02-27 09:07:28,36.872975087293696,80.77689878331996,1.3128880450776026,23.73155453865889
San Diego,2024-01-16 12:16:07,5.909316022895508,48.32355616585223,7.097045701988982,28.68142588602796
San Jose,2024-04-17 07:56:01,8.081845866280904,49.46166736890149,0.7385199865755676,17.06549400446399
Dallas,2024-03-10 22:10:25,24.25514428220719,41.57104347277949,6.629430607588644,27.25221518448875
Phoenix,2024-01-16 11:32:54,33.901624004026736,76.87841327730733,6.749312031712583,7.650752669357656
San Antonio,2024-01-23 01:45:10,20.04791132204283,34.63054506456014,3.4722860386388543,6.048519573592607
Phoenix,2024-02-20 20:15:46,9.02004374593036,54.37361867274422,13.28933357056643,0.3594995293213676
Houston,2024-01-21 20:44:10,27.20024886726894,45.60882081897887,1.472016858538853,15.130773913201436
San Antonio,2024-02-05 14:33:18,34.59949301124592,65.83355379487347,7.612308493159087,9.934936317907509
New York,2024-05-09 11:53:14,8.700836917171,48.710923802390575,7.127274533584698,2.231267070880212
Philadelphia,2024-02-29 00:40:31,13.76344362642341,79.86085868163063,5.0341582691352045,4.786957998190642
Chicago,2024-03-25 09:31:57,37.678914591331726,53.315089047087,0.1410007717106898,19.22560478116865
Philadelphia,2024-01-31 09:12:49,38.58955869338571,53.1497652835732,5.3006659465197625,20.700426732073147
New York,2024-02-11 03:46:50,-8.669109569805952,30.41402695429333,4.477834751175809,3.1045256169173885
San Antonio,2024-04-21 12:12:50,27.59043949338667,53.0550901654673,6.422150823934127,20.127961534485035
Chicago,2024-02-15 01:04:51,26.308267460460407,70.33784811346419,4.130475272596252,28.49413742414563
San Antonio,2024-03-16 00:26:22,-4.144661209235281,62.68913807300554,3.5161548230000816,18.63910462945465
Phoenix,2024-02-28 14:59:36,12.517250419026574,77.8511455636017,10.13126120291441,5.828468852793107
Dallas,2024-04-12 10:59:55,0.3249280784507125,39.14284953276086,4.817371970296867,26.280600688015586
San Antonio,2024-05-11 16:56:31,33.36025893331226,51.5102798372534,0.3819081468391905,6.498674104212768
San Antonio,2024-01-09 02:55:09,6.276120511090653,72.25995963489055,4.4618668852293535,28.08957894862535
Philadelphia,2024-02-05 05:51:22,1.3374729240362235,44.6973681869548,0.4008886116820109,12.007400777964198
Los Angeles,2024-03-07 11:21:39,32.57837721285684,41.1317154051454,9.233926840425914,1.867248951538245
San Antonio,2024-02-14 02:46:46,-9.242331698294372,78.61180773593608,1.2103625019685194,28.57250167604864
Philadelphia,2024-04-19 09:32:01,-0.6838421283990446,71.39683651692945,5.578450444016702,0.2633250904621209
Chicago,2024-03-02 19:46:48,3.74021593982574,53.236803555181645,3.4803277480755823,12.84949992859615
Houston,2024-04-21 03:59:42,19.06990891517803,32.06301479280826,6.996280008547794,9.516671047056374
Houston,2024-03-17 21:53:56,-9.225908665647344,63.98116640579149,0.1718074830334115,11.37540407182501
Phoenix,2024-02-04 22:00:41,19.41769424826369,81.50629229384907,1.621712389677357,6.311019004204654
Los Angeles,2024-01-31 12:58:08,26.53607957494343,30.537978346518464,3.4096913767123027,15.90600892577694
Los Angeles,2024-04-22 19:01:50,19.39327253371201,89.99734568647031,5.664712746245603,20.225133451398527
Chicago,2024-03-30 23:41:11,-6.544617975230612,42.73958120803108,9.064571156624124,6.806689437964312
Phoenix,2024-03-01 23:15:43,32.81726809783045,34.01198898604366,2.1365170126781887,22.03013764864045
Chicago,2024-01-26 09:12:06,27.790869853249795,86.11719140619522,6.811202957844177,6.948824677853257
San Antonio,2024-01-18 02:10:01,37.09265445505444,36.10974179642388,8.030007661663964,11.69491226017434
New York,2024-04-01 11:24:30,27.520971994376566,65.26460361282626,0.981072553065685,12.72585619762772
Houston,2024-03-01 20:01:47,25.64114818029107,45.89163340955501,2.920979085795654,8.694978036082746
San Antonio,2024-02-21 15:13:05,11.75819857849961,44.8565817714327,9.706602748919131,14.776807192675522
Dallas,2024-03-02 06:15:53,27.8699306776372,89.73319867248611,8.989430186344379,9.92887464354163
Dallas,2024-02-10 21:43:48,10.730638983430698,87.10670274530091,5.138412775228916,3.957962474783786
Chicago,2024-05-16 08:37:54,30.016890077910617,44.47590559146969,6.582666194084535,5.884358091928111
Philadelphia,2024-04-16 09:53:22,25.35661779252507,65.65013961969345,2.4628458060477176,12.917849224667554
Dallas,2024-02-13 03:31:38,-4.506301782865404,64.0312429487023,8.219279162395184,1.9052408454280312
Houston,2024-01-07 13:18:49,-3.21923390143922,48.541057087110445,5.778474029948319,15.242355999262472
San Antonio,2024-03-14 04:22:09,23.248509316274,73.93337356182514,7.383121432627304,1.315372506723692
Chicago,2024-02-19 13:14:07,37.4652596246288,30.773435210156496,4.331751519362323,11.723323759853274
Chicago,2024-01-27 09:00:37,-8.24375488578307,30.782277987152103,7.208778084179242,26.924119014777126
San Antonio,2024-04-08 06:10:53,22.39394664038633,30.81734848969592,3.399073233847089,18.74062798194045
San Diego,2024-05-15 13:09:33,-6.686624450767283,74.80096390376293,1.3887776205353275,16.822109151562596
San Antonio,2024-01-14 00:50:20,-3.675928890556792,71.35975020252405,1.1043012851537304,21.837546250344865
Phoenix,2024-01-29 12:56:32,34.39268672681676,61.177446942506805,2.571170783947814,6.808165336812947
Dallas,2024-01-17 16:20:59,35.51882190684238,51.86059425361209,7.479522641712254,16.757289433919315
San Antonio,2024-02-03 07:47:06,18.790942413306563,45.6681125686172,3.058455087007218,29.76842474636522
Philadelphia,2024-04-02 15:50:23,-7.010926333045472,37.28708024761454,0.4968588006727037,11.126354479152228
New York,2024-02-03 23:27:20,25.16540658804599,79.42113465500486,5.496877473266903,29.526710033377704
San Jose,2024-02-25 12:20:35,-0.2816338752142453,87.96016186174006,5.913811373199234,5.309637923413032
Chicago,2024-04-15 19:23:22,-9.160677962116903,34.66417269522857,3.9834622334832215,16.731118741163634
San Antonio,2024-04-29 04:21:29,-7.30239498168754,77.58597405302953,0.4881262305778611,17.976633865990248
Phoenix,2024-03-17 15:59:06,-4.74406231967199,66.56029070667691,1.765580003032381,11.575402501829894
Chicago,2024-04-20 15:09:35,-8.859221022899558,73.22971767954785,4.433244391073272,7.03578581691124
San Diego,2024-05-08 16:18:21,11.739423098626183,51.26321273623256,0.8936782151416856,12.21676290522428
Los Angeles,2024-03-09 21:28:03,15.991782379548305,44.41240713325939,1.0545031621093748,5.703166578990469
New York,2024-04-02 15:43:32,18.09352688588278,85.75060734382348,6.328483371002351,11.63006049790726
Philadelphia,2024-03-08 05:59:29,12.33120200200342,84.15196402009434,9.735873929969747,24.7583797150191
San Jose,2024-05-05 19:46:23,-7.747449588214303,60.17419440116545,3.450148063713611,23.14320887734188
Dallas,2024-03-12 21:33:08,8.143543197372903,49.93330426759712,9.152247633611497,6.336607753899704
Dallas,2024-01-27 15:07:35,27.92838915307196,34.58547836293064,5.4874005640615415,19.711588287698905
Chicago,2024-04-09 06:31:25,6.450084895269278,86.77599811340426,3.789979250853305,7.054630229636068
Philadelphia,2024-02-11 06:55:54,17.811080584878916,80.0908199301647,3.101297799622933,14.705150638489547
Chicago,2024-02-03 01:29:45,5.226000982392806,48.09010321268461,9.61370149454057,5.982535400171772
Los Angeles,2024-05-10 15:20:31,37.99282504829511,80.86525263490518,7.751618091906479,14.223650520237474
Los Angeles,2024-03-03 06:55:06,32.506318701490464,70.58922131799339,2.689409238098804,14.441456395108414
Los Angeles,2024-02-19 06:18:32,28.26735368778651,60.97425311620048,2.758138829749399,29.27874000242472
San Antonio,2024-01-29 01:27:38,-1.386265680910011,44.03392280549716,7.9741700572356224,17.95000492984888
Houston,2024-04-27 14:45:08,2.6279130417384025,79.53574029692669,4.608654000028985,14.86848635547976
San Jose,2024-02-22 21:09:37,0.0852237372994757,89.70647840050796,5.569352196631647,27.05279904830983
New York,2024-03-21 14:44:55,21.39189909880597,65.7130878377933,6.261554665769785,16.622696041021737
Philadelphia,2024-01-18 22:34:02,11.500654135239362,78.0166212492012,5.546970656629094,14.622640587440303
San Diego,2024-01-22 19:26:10,16.222667280855173,52.67806206058438,6.472397142266242,26.86723851101191
San Diego,2024-05-03 08:03:48,-7.19449055523437,61.28318188275991,9.439920580275617,25.006218727617497
Phoenix,2024-02-23 16:36:33,22.656581914261505,68.20362336905467,6.983646602921324,3.2625192577562103
Los Angeles,2024-01-09 14:47:23,12.28206082066812,85.02937217889385,7.4963104797707905,13.39542235063789
San Jose,2024-01-09 13:42:54,25.18812275691,71.44096238834581,8.771950194892069,29.18946237641624
Philadelphia,2024-05-09 12:30:17,37.72028712738821,71.75603202683308,2.586034945434046,13.776090188062955
Dallas,2024-05-03 05:28:32,39.8208385762279,51.07881757472872,3.016767310915028,14.058703239442606
Phoenix,2024-01-08 15:48:45,-12.663035151220512,60.234238058308975,13.545249221426827,22.70844927058525
San Antonio,2024-05-01 09:01:04,6.703469277647137,41.33454652129072,0.7065986848346295,5.993732421748094
Philadelphia,2024-04-03 04:49:48,0.6328273943884941,57.25455102115111,1.8052216149211544,19.437154268118565
Phoenix,2024-02-11 20:43:09,26.092594410950923,66.26346025321894,2.642681288485373,10.79403579669458
Chicago,2024-05-16 21:46:30,34.5255206354723,60.27648892150185,3.554089059765835,11.502438333876212
San Antonio,2024-04-26 03:28:07,38.263507506490825,59.68486387812385,4.940660819030462,21.179824340329223
Philadelphia,2024-02-11 00:40:35,18.2797276082161,43.42910498620656,2.924848017671974,29.862401540987904
Dallas,2024-04-06 15:59:04,25.67369774735024,63.89027048422143,5.686284200840874,12.253661233642273
Los Angeles,2024-03-24 03:25:12,23.07876770510996,36.06732776524609,9.968475259406947,14.042315732424589
Philadelphia,2024-03-07 05:38:29,-5.826538730652372,41.899108955764085,5.67852491907947,11.82013618242147
San Diego,2024-02-24 10:43:27,14.02840573703427,60.44526522568644,0.0320659920091381,24.57499381587192
San Antonio,2024-01-19 00:24:02,13.608135485387542,78.6291850399864,9.98054744227453,9.111586663113307
Houston,2024-05-04 00:45:09,8.600570776062881,41.81990136094891,9.45075346589906,4.808621349981863
San Diego,2024-02-12 06:52:16,0.045477900383986,71.23029197952863,1.7026954146501427,20.795492854988613
San Antonio,2024-02-02 06:46:59,32.01148590449264,58.01947755761775,2.729341560564136,25.9081405851825
Dallas,2024-05-13 19:49:47,25.1538252461295,32.0333749621967,0.9565867087037372,14.200431795848552
Dallas,2024-01-23 01:18:55,20.23499177199982,89.96560382783846,4.088179227095246,20.27614819437268
San Diego,2024-05-10 10:57:10,23.044344750244413,51.77061003556297,3.85270032294876,22.05490639091393
Houston,2024-01-12 14:29:35,34.28956994506726,30.63452539195085,6.604732260286883,8.680878334283868
Philadelphia,2024-05-04 10:56:06,4.021776115876678,73.23470492966648,2.508859255709519,13.349248614544694
Philadelphia,2024-03-12 17:00:47,2.5318744093561314,42.2812488593584,7.108435049550473,10.099616881746416
San Diego,2024-01-31 15:21:24,30.40547305693775,64.56425665607452,4.505027808684393,27.866755438263542
San Jose,2024-03-18 18:51:15,5.378478602182755,84.49687188902628,4.458104945763378,19.530680010309112
Philadelphia,2024-03-23 04:14:17,-7.710972145814646,63.84863872888152,6.958303610338524,16.00771111335116
New York,2024-04-06 21:54:33,-2.8197130374891435,50.43605629520405,6.6467744004448885,11.522318503419276
Philadelphia,2024-02-03 06:24:17,-2.1567837623714805,85.04560490554292,5.227962669465899,23.19371539886312
San Diego,2024-01-11 06:23:53,38.42711664231133,35.721637118101285,2.1969484752152857,4.101510762587682
San Jose,2024-02-22 06:34:12,35.092838546997626,34.59464207492126,6.282277944058366,1.6563470271535974
Phoenix,2024-04-13 09:55:49,38.384246388491086,69.7542808697201,2.4824609906537223,15.246888196050794
Los Angeles,2024-02-28 11:05:32,35.06493005938508,89.69434544252198,8.904948740062359,13.764511675952344
San Antonio,2024-01-30 07:08:17,19.391308495619807,45.01095335057539,0.917915579552998,4.163490761267791
Los Angeles,2024-02-19 13:15:18,36.68900543401902,43.943426956314056,0.4889103701734199,13.659828827231088
Houston,2024-02-14 00:57:31,-4.273204773953023,76.02341933771689,6.414798500427034,4.288751254879756
New York,2024-02-14 18:11:49,34.83899819085585,77.57344226190642,4.697540737441162,25.216561246709272
New York,2024-01-15 21:43:01,5.400184423666541,48.34088846914112,1.465068395592618,12.985658653758811
Phoenix,2024-01-31 05:23:58,-10.936742709774537,89.0731026783936,4.110581662155368,9.124331962015823
San Diego,2024-02-20 19:53:53,8.876093746207655,55.46133599936368,8.886234092332788,16.284934170263433
Los Angeles,2024-05-02 07:35:34,15.56623092486992,71.62146384556331,3.376156341360738,28.708764456802594
Dallas,2024-03-25 12:34:17,16.69454948773086,64.67743098149457,1.1150530899349242,14.293818303055378
Chicago,2024-05-07 19:49:09,25.106398573604544,60.39456760795265,1.883680703928932,20.22865749329329
Los Angeles,2024-03-03 07:37:54,14.369998035709944,65.65932482403153,0.6913366723216974,15.174197790638424
Phoenix,2024-01-29 11:35:11,20.61034467889256,59.10885704868427,8.181372262045057,5.980948824157098
Phoenix,2024-05-02 16:33:58,29.26632153024162,52.12454320533941,3.464238164042006,8.000839886947459
Chicago,2024-03-03 23:53:51,36.60229303514865,44.142961103006215,6.969323134627467,28.19708576284385
New York,2024-02-23 10:13:40,21.75188329701952,40.60141084437619,2.53592044452678,2.24207871377923
Houston,2024-05-16 09:43:10,23.216061974889502,47.44273634207275,3.7184135236093896,22.35510825770811
Phoenix,2024-01-21 06:04:25,2.01290599895831,88.91115979315097,11.212320689225528,0.0482346696987412
Los Angeles,2024-04-18 23:51:16,38.581845436666846,68.50127408980137,5.895797322866065,15.011308363010016
San Antonio,2024-05-15 17:46:47,-9.27556788298343,55.290434775972535,5.854654871870105,7.4839174585254895
Phoenix,2024-04-09 11:12:57,14.904891114679112,67.59846242771233,3.266559311201976,20.671961237805743
Chicago,2024-02-02 13:42:31,29.934845707942017,40.29265810432627,2.315314454895324,16.481104941440726
New York,2024-04-22 00:55:59,20.15976066591448,87.64379940583515,7.576778911727649,28.27418691287465
Houston,2024-01-13 20:41:44,20.82198713173721,77.77465810579159,5.577265520068552,28.509678091437618
Houston,2024-03-01 21:08:24,29.36272910745381,47.702014758710575,8.505139662122843,19.9081997537478
San Diego,2024-01-07 13:33:48,28.81793374554215,58.1405784681391,1.99113141532963,7.613857972415408
Chicago,2024-04-20 18:49:05,5.321843682067593,37.052885398212105,6.865254251624889,3.113643370723564
Phoenix,2024-02-11 07:15:44,-9.192125415603812,83.28952916074884,4.793983420295121,3.5241317470192755
San Antonio,2024-03-04 23:05:58,-9.375238188137038,69.32666906793062,8.680137729030836,10.727806045914232
Dallas,2024-03-28 23:41:50,10.011291420939076,36.32743694972533,5.893691827444345,20.420070404462496
San Antonio,2024-02-02 01:10:43,13.974779363341874,30.391763964740413,4.349608029420616,18.84363418450797
Phoenix,2024-03-07 22:29:18,20.739067668771945,71.57871189876855,1.022327038334172,28.13807568518564
San Jose,2024-01-22 19:06:12,7.172242127204672,41.60109293028181,4.934202439816236,25.77726054332705
San Jose,2024-01-24 02:34:08,23.73352015917387,67.79094407788389,1.3856757707576983,20.252670292469823
New York,2024-03-13 08:31:52,20.32274316332424,46.61189325625435,8.010137217801349,19.88518446037404
San Jose,2024-03-06 09:20:44,36.34150466250285,55.88170184533546,8.189940692070662,17.98348812307651
San Antonio,2024-01-26 16:04:30,-7.058539181902876,76.33276786950108,2.0277285228507944,6.670590226225842
San Diego,2024-03-05 17:02:56,38.507622967497646,54.28156061157369,1.679900481881298,18.450386186388904
Philadelphia,2024-05-08 18:52:28,-2.449600723222636,69.13210746329031,6.27614288341854,2.882948262870042
San Antonio,2024-05-04 17:34:46,-4.482007333588102,65.0876387537449,2.119160015151671,1.9778494212495468
San Jose,2024-03-25 12:22:20,35.11153090550909,76.4153582064449,0.353879494078313,2.7743816650502016
San Diego,2024-04-15 10:46:29,37.068040693210406,50.05373477413067,0.4153527943987767,8.188665321291207
Philadelphia,2024-02-22 05:47:08,16.3244059727848,63.23977702287056,9.87786896062808,24.245792425152533
Los Angeles,2024-02-14 19:04:23,1.7197484210956109,82.27254082646655,3.5366095079969706,3.676987227070747
San Antonio,2024-01-18 16:50:40,16.35074368054439,84.37126107562474,8.946325923581792,19.232357391186422
San Antonio,2024-05-09 22:35:59,6.006458148159997,73.8753002953544,8.844253035486037,1.9707583438997425
New York,2024-04-02 15:29:54,-2.125487514068249,80.53452520121066,2.615197482628251,15.20569045668881
Philadelphia,2024-02-26 10:50:16,18.42703599602697,88.75140674492015,0.1568199003410086,2.211826462811333
San Antonio,2024-03-09 09:16:57,27.42067843509913,31.838969065566683,4.602806256746498,23.36967039444145
Dallas,2024-01-09 21:42:25,34.47901556714076,62.98081133585103,8.068616258863484,15.51753696469192
Los Angeles,2024-03-28 12:03:20,2.6497295166038413,73.92072359392509,4.477440020139981,28.42359008731008
New York,2024-03-29 16:33:40,19.62842489738678,67.83558183482725,1.4825265945789925,17.58234862695722
New York,2024-05-07 09:17:57,13.502709893923896,81.61621825771849,5.708919408191192,18.526564361327413
San Antonio,2024-03-21 06:55:28,-3.653726804864645,71.95097834779075,5.866254555115883,13.66426412309928
Philadelphia,2024-03-24 13:00:07,39.07942690482205,49.94275192547566,1.3158967441784108,18.768503361117173
Dallas,2024-02-13 02:14:22,30.82837415999714,85.78526683314445,5.525266404102584,13.343878762976953
Philadelphia,2024-03-26 02:23:49,7.198539316604201,47.964832551614414,2.206971147118103,19.37714769270617
Philadelphia,2024-04-22 21:31:07,1.7151008443719125,63.81522307878541,1.2316665520419612,5.782858865164967
Chicago,2024-03-31 12:54:55,39.81936843085233,74.84130579897536,5.8422063674313565,18.45453525894605
New York,2024-02-06 04:17:34,4.732212923018768,88.39551862546995,3.356334730564927,8.449251196518357
Chicago,2024-03-24 17:10:08,6.03118868935875,40.39662633290345,5.125406731336883,24.33761879807514
Los Angeles,2024-01-01 23:47:14,22.748353774321345,41.17585999088075,4.502970583840956,1.9502630788444144
San Diego,2024-01-08 08:37:15,28.87531628438434,37.63369485097312,1.1653018251024916,7.247503281791633
Chicago,2024-05-01 14:42:01,-4.337401327214981,57.4448191356492,9.39843784707868,23.101264770878373
San Antonio,2024-04-28 03:21:17,36.34436935827232,60.22287529023939,0.5229683252172501,14.860123656728591
Los Angeles,2024-05-14 03:52:16,30.18723375465568,30.274005224084974,5.144491812848032,17.129981801910855
New York,2024-03-12 01:44:37,29.7121061303468,31.756551355149888,9.144945902315111,8.698244982474815
New York,2024-02-15 07:19:50,24.94464496658844,78.84333423098258,7.537280701656045,29.6031511537558
Houston,2024-03-02 06:42:04,15.207338551896868,48.79831881238643,0.1636997954322172,10.209539785206164
Los Angeles,2024-03-14 18:50:26,32.803118970207784,44.75166828334437,1.355880759178841,4.892749314250086
San Diego,2024-03-08 23:43:08,-3.577256871178616,56.16243671517388,6.491588953696764,15.501986592817032
Phoenix,2024-02-27 23:06:21,3.683874310032887,77.77440748247832,6.665558074517565,0.2600425051510535
San Jose,2024-04-02 00:59:59,33.06279394846418,81.05774409123664,3.105967747144145,2.718420015223988
San Diego,2024-05-18 10:27:50,-5.7597650376795,38.49966439032482,9.805185292167408,1.593742673851558
Philadelphia,2024-05-05 03:06:03,11.493143521483,60.39324391634728,4.066367917849707,7.179439123385779
San Jose,2024-04-05 21:28:55,-0.535915115578586,74.20393338024385,6.298694490800187,27.109361061807824
New York,2024-03-08 19:10:12,-4.463274632048916,81.95319811614812,3.0702616013904382,21.4320754199231
Chicago,2024-04-21 17:51:44,39.6329992718318,85.86263375409266,1.9789418767608635,24.076347794168136
Dallas,2024-02-02 22:28:51,26.018823626126498,75.93510481373376,0.913109188075062,2.6518126527338537
Philadelphia,2024-04-08 07:55:43,27.09787347924923,52.14429217345744,6.1830185258333605,20.62948488421196
New York,2024-01-11 18:32:07,-6.6521050439063885,39.66212437716243,3.0268700851969643,17.8983968692868
New York,2024-05-12 15:48:40,-8.776301784002724,53.26831760816795,0.9427590860054368,11.69307472723976
Phoenix,2024-05-18 05:24:48,18.39650118998206,86.64538528030639,0.1778684638835026,18.77207599181372
San Antonio,2024-02-25 03:34:53,37.998572359698926,43.91549267422459,6.275466895548055,17.71974954260275
Phoenix,2024-03-20 08:55:23,14.363549076725564,78.34741516698271,6.24384127578518,26.51648420021072
Chicago,2024-04-01 19:37:37,20.52791187537316,49.01409438113141,6.484640484489178,16.228399738182418
San Jose,2024-02-20 13:07:53,5.904658773727876,73.83775136350988,0.6664669834044645,8.849995720539749
San Antonio,2024-03-01 09:50:13,5.045499577390913,53.77537666994433,9.4115918445173,11.77540285381091
New York,2024-02-19 12:39:48,36.63803927723619,37.29327259665229,1.3014397153292545,6.370700114269346
San Antonio,2024-03-31 06:36:14,16.29692551411044,32.00323597499475,4.630339243211444,15.67086570954529
Philadelphia,2024-03-02 14:40:37,8.765651116487309,58.184813801517805,3.3573238993645416,8.722451500993575
Philadelphia,2024-04-29 12:13:40,-5.131617989405254,45.837476665328495,5.243426199509267,4.668697670164236
Philadelphia,2024-01-22 12:53:32,16.653849006496326,85.92968281292681,0.0331940259938601,15.66851117654672
New York,2024-02-08 04:49:15,1.4825139441769082,67.50776021096718,0.0179164153332989,7.865411793236497
San Antonio,2024-05-03 09:37:03,-5.768762824631604,80.34526459186262,9.246418951976583,1.7030258678809596
San Jose,2024-01-11 22:46:37,-1.8638886741268368,36.58939754525614,7.450874285510976,18.28828939321884
New York,2024-01-02 21:20:54,-7.967225069894193,51.53623823889147,4.234008026981337,27.061640489529605
New York,2024-01-17 05:12:36,30.22592342595314,84.98116837250308,3.3408631158249777,9.232245825809075
San Jose,2024-04-17 00:39:50,-0.6759283747376799,48.17518190164234,7.158339973845219,20.20221516427189
San Antonio,2024-04-13 19:24:54,24.89072714177398,64.04810036764661,1.2624813565071746,21.74751517547516
San Diego,2024-02-22 21:27:26,36.30431314094489,70.35313003183302,7.735295455641442,11.974190524778514
Dallas,2024-02-15 14:47:45,11.1656714011095,43.28393890046061,1.5175576807508573,2.404976536817628
New York,2024-05-07 02:02:17,2.4952111803729338,83.66635406813839,0.7750093226685606,3.933249663206509
Chicago,2024-04-07 01:15:55,-2.302452355925169,56.484802242635325,9.26415128434179,13.27656050062877
San Antonio,2024-03-02 08:06:55,29.731414694604453,87.8159241490564,6.431914348888262,24.65421460033453
San Diego,2024-04-28 14:29:31,5.179459866303574,69.68941612373325,0.6562641224302068,1.9558376108501367
Chicago,2024-02-27 16:46:56,37.78781092416173,50.145976003178255,3.485454111502197,9.798820879141443
Chicago,2024-02-27 14:20:57,18.59962089407081,63.16778858899221,4.701669627357783,27.24091704659303
San Jose,2024-05-13 23:09:56,4.7932465498066605,63.54488132913583,7.423216694377822,0.904939330061174
San Antonio,2024-01-24 23:31:55,8.328228604076983,32.81074704165489,7.04799309868468,15.189850081636456
San Antonio,2024-01-30 16:10:55,2.676038439437443,79.38951545862402,3.196067877706701,9.549146100701796
New York,2024-04-24 16:19:44,34.5508993100132,51.11219230737685,7.626578088615799,10.03962122669379
New York,2024-02-03 01:16:20,25.83053079809767,57.03616261198691,6.600721907939937,25.82777111994702
Chicago,2024-04-14 02:08:24,-2.172219363647101,33.53948047105986,8.17725436247391,27.98048297312843
New York,2024-02-18 20:47:11,24.02728138162415,52.20688643350949,9.42272933805809,11.380901414161103
San Antonio,2024-02-15 01:48:19,18.982504321658897,34.8141552077669,8.636423337612507,27.21024792941451
Dallas,2024-04-24 16:20:46,6.133994878123804,87.11914999776886,0.6829442844722067,16.71987411014204
Phoenix,2024-05-13 02:56:49,4.086807241990451,51.59611670672742,8.879963497568696,25.613757798989308
New York,2024-04-16 09:17:41,6.01785223561647,40.07620159640645,9.605103747073246,20.14426479517133
San Diego,2024-01-14 00:03:38,11.226248536333909,76.14079098794369,4.805531638074686,13.1511423255825
Chicago,2024-03-13 22:46:30,18.593034261833168,35.24521419528697,5.770730515618162,3.3639032798253563
San Diego,2024-02-17 09:36:42,-7.460562589219441,42.70232228248732,6.23964931590834,28.84058143106759
Los Angeles,2024-04-21 17:03:00,8.985894663245851,68.50207399642636,2.643375825226628,26.098108364106423
Los Angeles,2024-02-27 04:52:48,18.76196337328385,64.58001519848585,5.493824367076631,0.5140315251496708
New York,2024-05-17 13:00:02,8.637144762186196,68.30294949241141,1.4410293780719785,6.584063931197804
San Antonio,2024-01-28 22:38:45,39.171829279700695,58.526041195106686,9.392834947907144,18.671525188905104
San Diego,2024-01-09 00:51:49,4.396209673477406,74.71830334407021,4.047806345602761,15.710272765935487
San Antonio,2024-01-08 09:06:55,32.92433900180844,66.33449025051254,2.853490803572971,24.76468241324757
Phoenix,2024-04-22 14:56:25,11.8768708245193,76.37373021265297,9.14646068029374,7.132387087334363
San Jose,2024-02-21 15:56:56,-4.076049140799017,89.99113582030151,2.1415293098847368,5.711396149828052
Dallas,2024-03-24 02:41:38,13.200279556525228,32.31969666818082,1.2622276089687643,23.304312635353053
New York,2024-02-02 00:05:17,16.8468171494602,37.2972105227612,8.037973356657504,3.0047565748267067
San Antonio,2024-04-20 23:44:28,-1.4463189146283213,31.50513442252613,8.689418913243022,6.485007478666245
Chicago,2024-02-02 13:16:36,17.39801796103474,88.45486423676124,2.458286757262312,26.27171023577161
San Diego,2024-01-21 22:42:51,39.09928827785254,51.440707245010216,7.535556650719021,19.36426561521966
Dallas,2024-05-06 00:20:39,36.56871728093488,69.3163214892685,1.0911706672879715,18.729476541730428
Dallas,2024-05-12 02:32:28,7.420102088612342,79.40851944992022,8.241233769998903,25.94733018602882
San Antonio,2024-03-15 19:38:04,21.49451801960557,70.10876609776813,5.778472990464208,16.454523351270556
Philadelphia,2024-05-08 11:36:51,8.338365641950965,45.40817103093149,4.607059320778978,11.64054190011078
Houston,2024-01-28 20:44:40,35.768855704385295,47.486094599563415,3.466903223430914,22.34652951489994
Chicago,2024-04-11 23:29:53,9.317101102084294,42.2374734059929,9.237057286395473,1.7532536475761862
Los Angeles,2024-01-13 22:16:35,32.4355374737954,34.72188877723478,5.894105279588844,29.5380339988534
Los Angeles,2024-04-07 16:28:46,14.490310777847808,31.965962901592658,6.342329772626993,16.0542782031391
San Jose,2024-01-26 20:16:18,-2.844248644434052,83.36974867348965,9.018014356997826,4.196541418545234
San Jose,2024-03-15 18:14:30,-9.41384038053555,37.86641022887743,3.5872118828017188,9.11426276937762
Philadelphia,2024-04-24 07:02:29,25.150351232181592,62.1127701239532,5.150171785515431,20.411055343490567
Chicago,2024-04-20 22:33:27,10.581535046360816,50.48873851396575,7.035442690443881,15.520647373303309
San Jose,2024-04-05 23:15:43,0.8335184647734515,77.16131064966534,1.741752483980038,29.717579768190493
Philadelphia,2024-04-04 02:11:18,7.610247863217886,40.94070610705404,7.896713539682889,2.349841842361812
Houston,2024-03-02 06:57:52,-9.566472555981973,56.73654012346821,6.794897116961503,21.542256398128007
Dallas,2024-01-24 06:34:24,10.543184097003198,44.233910212468594,9.816233219884658,6.859070833655478
Phoenix,2024-03-21 16:33:24,39.70433792697604,69.003885973516,0.9359813608659916,15.683400421604146
New York,2024-02-09 09:55:01,4.380012996970205,61.67920792064543,3.897252177219056,17.545919369854523
Chicago,2024-02-07 01:40:11,-7.676781271301339,34.69534055638497,4.113193945090199,1.2511854859265137
New York,2024-03-09 23:36:51,22.7383634552186,88.21891072784368,1.7030605718352965,13.090107620697548
Philadelphia,2024-03-14 23:54:20,16.366633871817296,66.59425429302996,6.543322482268751,12.313635922101517
Philadelphia,2024-02-17 00:32:18,21.94229136891456,32.99011795852967,4.514552009782714,15.688674924740614
Chicago,2024-01-05 23:42:23,-5.164259675227159,74.53831866518017,5.483526926691756,5.104236409974531
Los Angeles,2024-01-14 05:16:50,35.312671489694075,77.50202037093801,4.272445712872398,1.8187907955727711
San Diego,2024-03-19 05:01:43,-1.147602521592713,62.70343193980741,9.874540256976744,9.7052247729121
Phoenix,2024-03-31 06:06:39,27.13102108681975,72.65208992453185,5.345287907933813,23.19471442985328
Philadelphia,2024-01-19 03:42:49,11.298925203150432,43.87374934295518,3.2431578797649028,27.46159779214029
Chicago,2024-03-14 06:55:47,28.399517721576046,64.14943175925939,4.982001107622905,5.006807578251403
New York,2024-05-10 20:15:42,25.959955284681385,33.138737060228344,7.627711174271918,19.56756056166505
Phoenix,2024-02-13 16:47:26,29.27058814165112,60.49403235718531,7.712451092153586,11.258040395800087
San Jose,2024-01-20 18:51:16,22.72763092945553,69.04916488915225,2.88574178007494,17.202979500280634
San Diego,2024-02-19 07:08:10,24.6927272235406,46.490451401245735,6.165734407214895,17.47649642653246
New York,2024-04-24 10:45:06,15.8410162032934,30.33998764199872,7.087334897592759,18.388356284642825
Houston,2024-05-13 15:21:30,30.00026286698904,86.49736990787395,8.761095751150087,2.5973423896436443
San Jose,2024-03-02 20:54:55,11.578297403145584,69.90279932007503,2.8759176261459896,12.724248235952295
Phoenix,2024-03-06 02:28:43,1.6319286898013132,73.0716105242384,9.38544592179045,6.907613204170483
Dallas,2024-03-11 11:47:15,5.224053789605879,46.477995975415006,9.295785427966829,14.23885698560919
Dallas,2024-03-24 20:42:54,-3.086338402980245,36.28060157256402,8.130003680320275,19.377209077986155
Dallas,2024-04-09 09:01:44,6.98772786442041,39.2368352365766,9.859507562824234,6.297739560404399
Los Angeles,2024-01-31 21:31:54,3.7970639471495513,70.55849651070511,5.156831756044787,0.3283492963301337
San Jose,2024-03-05 05:00:22,37.8850810010752,59.04362759532581,1.4197371905481682,2.4597274308659625
Dallas,2024-02-14 14:47:06,-6.077482596510111,89.2035587232226,4.329512602096327,13.48820478100135
Los Angeles,2024-02-20 21:49:05,-2.768932937795978,66.36461838466238,6.212960779914826,18.12793441640534
Philadelphia,2024-05-06 18:56:41,-9.22154750557975,64.38988570498327,1.3900951002608195,25.72281224230193
Phoenix,2024-04-20 14:04:53,20.27590978418579,56.068805995152594,1.4286209363972335,5.217418086973
San Jose,2024-04-28 02:10:34,4.671138021512153,76.92550055745309,9.252664681555473,16.03912139179926
San Jose,2024-01-06 04:39:40,0.158908294159346,36.14945943220481,4.078822815407301,13.2034449382084
Los Angeles,2024-04-08 05:27:48,30.10487366873132,59.33778081302448,4.966540826097026,9.9089254362854
Houston,2024-01-01 03:20:03,-8.62752340982301,30.04322689939463,8.780557125065084,0.9087224904787504
Dallas,2024-01-24 05:31:36,21.64027994089052,31.324619847028327,8.983368559700542,18.44223363616917
San Diego,2024-04-18 18:41:46,3.9666809082264702,75.65304713945156,0.2382211637125675,21.89038047691134
Chicago,2024-03-24 13:46:15,20.143031298837947,86.37325617841353,9.936319530011833,5.297461620532509
San Diego,2024-04-05 06:01:26,-0.2770151875045954,58.24196384004372,0.9103630703630704,16.121098682375045
San Jose,2024-02-17 11:54:48,2.6764324223638205,83.02038227132056,5.556906093012735,8.477964218628504
Houston,2024-02-20 21:20:04,4.210658432570572,40.00817948040749,8.559566567188572,19.306137902501334
Philadelphia,2024-03-23 16:42:36,32.2643210783243,35.55933002084906,5.215466177928716,8.57731600607269
Chicago,2024-02-21 04:58:47,13.931966256653851,78.11562522004242,8.997480529617018,2.7723383904704955
San Antonio,2024-05-07 00:47:24,36.5888390728021,87.52977704695613,7.42137544761579,26.91824487853334
Houston,2024-03-13 19:52:50,31.514890217288432,63.52157465004185,1.84004480229112,12.79899613364086
Phoenix,2024-03-17 02:19:36,28.66119301991657,35.413568306575776,6.271242581024701,0.8818072466183402
Chicago,2024-04-30 09:53:09,30.98617938756776,83.72459973191265,5.681246554789384,18.113167364988463
Chicago,2024-02-15 08:48:59,32.657264156520135,87.01306688062598,6.368610219739471,4.524181684704322
San Jose,2024-03-06 19:30:37,10.94159689584021,67.35418155796248,6.781635841489983,14.198882418513136
Phoenix,2024-02-18 08:06:58,12.43259724611434,57.4209877543515,12.127648471193943,10.160143031718496
San Diego,2024-03-20 12:36:21,16.447827977771205,38.90083047932848,8.343935614165872,1.0337010440141492
Los Angeles,2024-02-26 16:59:22,13.571708902599475,57.22393039475848,7.930268578084862,3.092313939276531
Phoenix,2024-04-28 03:14:32,-7.485295501460467,61.3710154289366,1.029119063738689,29.74165451442699
San Jose,2024-04-15 02:46:58,1.5314769548112377,76.84815207693356,1.8231165376167704,13.551519649980833
San Jose,2024-02-21 14:06:04,37.25177758865225,71.35151726228982,1.5922807576412024,1.209396532813808
San Jose,2024-04-15 03:30:14,-5.652297575987983,85.94285389132122,5.433209502837826,3.330875648851884
Chicago,2024-02-06 21:25:26,-8.0697405388481,79.60565046854734,0.4905248303178988,18.39436884687454
Philadelphia,2024-03-31 21:24:22,11.657069053410456,81.51952393094467,7.179765261211729,28.498254445347552
Philadelphia,2024-03-13 06:57:39,27.68676221916673,71.37835443934571,8.629730278831717,22.20182324191917
San Jose,2024-03-27 09:10:45,29.951884810290395,46.73916467520118,8.27916845375676,4.023745456606477
Houston,2024-03-21 09:45:24,10.206016870597548,63.53278190522845,8.726229127417124,16.10025182844134
San Diego,2024-02-10 01:36:19,-1.411325323294701,48.93163476384921,1.127506342222483,7.1939179876103605
Philadelphia,2024-02-03 19:46:37,10.81795213562027,78.74805199844499,5.598118158566225,11.716234604355014
New York,2024-03-18 19:32:36,15.426291255886104,79.82241078108983,0.7049732108565865,10.373432027194625
San Jose,2024-04-27 02:18:24,0.2351826688400873,63.14746044291124,4.074058807331334,7.235685886832113
Phoenix,2024-03-16 09:38:53,23.52981068305254,70.9125646084649,2.8907670949165176,4.353554653928224
New York,2024-01-05 20:02:20,12.240144412117624,33.70492344805032,7.908756036685348,26.357340347119862
Dallas,2024-03-07 03:29:36,5.200585568244179,38.05529966113892,3.819619306997307,1.1850470896194698
New York,2024-02-01 21:58:02,15.86427913896027,85.16918272511971,2.233609694102604,26.716874695307016
Dallas,2024-04-12 00:00:07,25.56999583842851,81.44644243591958,6.866614429911088,21.853201202948696
Chicago,2024-03-12 11:08:08,35.95622806200069,34.936718925120815,7.816708119502413,2.0190981376784345
Chicago,2024-03-18 16:04:43,10.889884086382017,42.47074857200115,6.201243770968757,28.219340550184416
San Antonio,2024-02-04 19:13:14,-7.392994326758164,86.03287720549392,3.2682781751508525,4.594637191727592
Los Angeles,2024-05-06 02:40:34,-4.9312264503961165,55.9294210937949,3.518724385858853,13.947969493335147
San Diego,2024-04-02 06:22:55,34.05659545037282,64.83019782399553,1.391749377421995,24.48648333848636
San Jose,2024-03-26 07:39:19,19.872958874096263,76.44446197682853,2.88632940900312,12.559522428775576
Phoenix,2024-04-08 14:10:30,9.883919696051787,39.35727341554811,5.635053657591068,28.69758681434245
Los Angeles,2024-05-12 17:06:50,4.09144781497908,89.91103070870432,7.666595560343405,22.80177611811425
Los Angeles,2024-03-29 16:15:03,-3.813444121393741,56.42216467843568,9.428318139625278,5.254691741880694
Houston,2024-02-27 16:12:21,-8.007583831115252,64.26032010089371,9.544101860063089,26.87778816910718
San Jose,2024-04-08 07:23:29,23.26050033837698,73.72350960269938,0.5541138260863065,13.261300956364993
New York,2024-03-30 04:54:30,-6.323144558816853,55.32845831543369,6.217925050806441,5.754971296606984
Philadelphia,2024-03-02 12:54:26,38.83276316267576,52.57628412138753,0.842493545454368,15.255434898355375
Chicago,2024-04-14 00:41:34,1.272690317502725,84.0436253682488,8.349651141729964,9.369036946417662
New York,2024-01-25 20:22:50,5.039078793998788,36.525780569917146,0.8919777526164474,2.4645226233771367
Houston,2024-01-25 10:14:16,0.8428341455944324,55.05582988457173,2.818195578335928,17.39718239774532
San Diego,2024-01-12 02:45:58,1.6236266292389203,89.45979466228448,4.394683280169888,22.15833335112699
Dallas,2024-04-09 07:46:50,-3.386431211217646,36.04169216066111,6.752202817117315,3.812546720734988
Dallas,2024-02-29 11:20:06,16.529092540993616,74.98271111201703,4.473559984615056,8.560959211229878
New York,2024-04-26 02:18:52,26.446604742842418,73.16638945765922,2.6594221851828004,23.211876554017365
Phoenix,2024-02-24 01:32:29,4.760564056410857,69.53650905963835,1.1618161515048286,1.4249420473137395
Phoenix,2024-03-10 14:31:48,-3.5821366440209026,42.658581844218936,3.610642964249972,6.7918472612461205
Houston,2024-05-13 00:00:38,5.66080989249774,46.981336037209566,4.687384755128501,24.43838849463913
Chicago,2024-01-30 23:47:32,6.566125773394813,51.07829183572807,9.733089732772722,4.244473331005033
Dallas,2024-04-21 03:39:59,-2.4352401531156165,52.10942588791608,7.908326161900653,22.989920065402675
Philadelphia,2024-03-25 21:09:56,22.62644228521012,50.66741288561696,4.045108755831813,14.490205122146392
Phoenix,2024-02-02 21:39:31,9.867318537079118,48.86064851401349,6.302964710283996,2.241212068744951
Philadelphia,2024-02-02 02:03:24,34.03556376472646,87.3956977615446,1.1565592142517744,12.263522759361797
Chicago,2024-04-03 11:36:15,-4.422931960926898,72.7802553934983,1.8616094422195195,2.502026681719225
Los Angeles,2024-04-24 08:34:25,14.776727907019254,82.27741461878009,1.8066869477049907,24.886630304701665
San Antonio,2024-04-29 07:14:23,39.50779443210452,55.02915657505629,1.1123793078913502,2.748347328796604
San Jose,2024-01-17 23:03:47,24.401741604981623,62.69212090297881,5.65107955399072,16.916927204485617
San Diego,2024-01-25 14:49:14,4.683780558367726,33.270930925748324,2.178958963687557,3.880282805139239
San Jose,2024-04-21 10:55:56,6.612690971196741,52.02807661295489,8.475058742311969,13.555694333277708
Houston,2024-05-10 02:23:26,-5.906476941320673,65.20362735506785,8.304066978079478,25.878094390307663
San Antonio,2024-02-20 21:12:47,32.31101141312229,56.245930941846034,8.877713312588458,29.407016320998665
Dallas,2024-03-18 09:00:16,31.98110959223291,75.83603695163427,2.3154103649510738,28.551045183182342
Houston,2024-02-12 15:31:25,5.233266344960473,79.14654210509323,6.149798513226134,24.993592934542363
San Antonio,2024-01-31 05:41:15,19.318240943234784,43.504500124736936,8.145615100502122,4.154877563844154
Dallas,2024-04-16 14:19:34,20.44530449461781,45.55615301175467,7.971060504811827,26.94373331688617
Houston,2024-04-10 07:27:23,24.73356219109177,77.1828461446641,1.5914937184034372,17.120825180162896
San Jose,2024-05-12 08:14:00,22.39777946810551,60.32824833474033,0.3285475180051012,13.622015206260352
Chicago,2024-03-31 18:41:49,19.200393966633136,52.429121287827385,1.9240350230400949,8.654157167360738
San Jose,2024-02-18 13:37:32,16.87483851130245,82.5516456460332,6.350092163217763,12.186556909957616
Los Angeles,2024-02-21 10:57:52,20.959311494689903,62.14217484592923,9.126209077420452,17.884153639619907
San Antonio,2024-03-21 09:25:19,30.690660078162097,63.29635155830018,9.4177733344746,6.6623273608724425
Dallas,2024-02-14 02:07:16,-4.312915553461096,76.18418297555485,1.1878931317311792,29.07076776229466
Los Angeles,2024-03-20 05:47:01,21.1998796138828,86.4152720540801,2.8925801274075056,18.89421319554159
New York,2024-04-11 09:19:00,6.922218560519269,60.5328346973463,6.030002094502924,0.4709436947799283
Dallas,2024-04-22 15:26:49,-4.418103252596353,84.05325407595086,0.9446456668293124,15.075880696087417
Phoenix,2024-05-03 14:59:40,17.134219599290827,43.59917888807992,7.663468415404246,28.332516585984727
Houston,2024-03-17 08:03:24,-9.144110769131588,34.703010969643586,8.401114888738514,11.662005224158529
New York,2024-01-29 18:06:02,39.48978983572926,32.2481203682296,4.690668374606871,23.69395340077244
San Jose,2024-02-27 00:19:53,28.62553849295555,79.27992742844921,9.688147448433003,5.692194248906356
Dallas,2024-02-05 15:00:31,32.51483374252562,49.09684971844175,9.034745396322752,8.362824476996733
San Diego,2024-05-16 22:56:33,31.35877014319832,70.07993677474981,8.14189261535422,15.985998744698
Houston,2024-04-03 15:20:15,-8.165024823058843,51.044302463850784,6.0550580431836885,11.625436472106475
New York,2024-04-09 12:06:23,30.088692586815142,78.43804246207128,9.034605703842288,25.74406511904225
San Jose,2024-03-05 12:51:06,27.054682753189425,53.500208433627016,1.5412379099967743,24.44062276350868
Dallas,2024-04-07 22:31:18,27.755336897586247,83.81831989516908,0.8433828558985568,3.5900992553004896
Phoenix,2024-01-16 20:07:37,29.09752169351965,59.01928992642091,10.82222488203362,15.674488684644516
New York,2024-02-02 21:05:31,24.71235888585309,40.71023841770139,6.188052235965879,16.246192728615906
Houston,2024-04-09 10:01:07,8.372272082912499,38.695155459958016,3.4720389574673782,12.573438336992243
Philadelphia,2024-03-08 20:02:36,29.293421408001564,73.27924764602177,7.38407835464738,20.759857508986208
San Diego,2024-03-10 15:53:51,-4.100814942372557,86.4298515156672,1.2064191027854998,1.084255762243311
Phoenix,2024-04-04 11:01:43,38.896007928029405,78.03446075093899,7.7143942601451485,11.817717692025614
Phoenix,2024-02-03 10:31:25,32.15449108007873,75.5366137867685,9.161831982145856,29.371607108861536
Dallas,2024-02-25 23:20:43,37.84355671847742,51.984023474536286,0.8332544203811609,12.145431384452598
San Jose,2024-03-10 11:45:08,28.529441938686816,59.36610544523892,9.773342236526313,7.533340657902496
San Diego,2024-04-25 18:08:07,33.169328232343204,58.59665128790739,1.7920478595252565,1.814445768017745
Chicago,2024-03-01 18:56:54,-4.053658457821465,34.20419996234699,7.598052637820521,15.393154651036632
Los Angeles,2024-03-20 09:50:32,26.68922305181537,33.61159394016393,5.1807774229703885,11.1751947692544
Houston,2024-02-28 18:41:48,2.482923571139908,40.30527578055493,5.3583939487124415,10.006220892505848
Dallas,2024-02-12 00:42:34,31.88639993077052,40.46739273869336,5.496509710118358,17.317261677775445
New York,2024-05-18 07:56:19,0.1313086453200203,86.94338477758103,9.046135957735048,9.507401451233168
San Antonio,2024-05-02 14:18:49,31.49106640322201,50.604468157053255,6.063489406175547,10.994804315354724
Houston,2024-03-21 17:58:48,-1.1917352408065651,81.67870478836339,8.045690038236726,24.071784361770657
San Jose,2024-04-14 23:29:47,-6.092482718229805,48.99221077746469,2.382945185726207,1.6822846466063934
Houston,2024-03-18 18:52:44,-9.199958071127526,52.76151411574363,8.209732440068999,9.150469699075382
San Diego,2024-02-16 17:56:15,4.123402911440742,56.06533299857465,6.803962379019522,17.410672707065935
Houston,2024-04-08 13:31:23,5.324490963752163,87.86454415379993,0.7567831252514479,5.244001136304889
Los Angeles,2024-05-02 21:32:12,9.1319686384775,48.3818754919001,1.1370590535505245,16.090964259212004
New York,2024-01-24 09:35:11,-7.858435170823538,41.9970607393594,7.777702949339892,0.2467082222580119
Los Angeles,2024-02-06 01:58:06,14.95074366838449,39.03382687289295,3.262892137872927,11.45477078000456
Dallas,2024-02-19 14:44:33,-7.821762089303754,38.77554780778656,5.082877454698194,4.144792503164293
Phoenix,2024-04-21 19:24:51,10.526713155336562,70.37642727446313,5.484714391262231,25.14054626744361
Chicago,2024-03-06 19:54:04,20.655066637748074,80.13945259562243,6.902423322871076,28.00816548312504
Chicago,2024-04-29 09:43:05,14.902813507079811,63.0488383967514,4.607075336520499,28.53597941631393
Houston,2024-03-24 08:25:58,21.795875828863856,54.06167522414288,2.2554680746903646,25.60018289208381
Chicago,2024-04-06 14:40:18,34.56287760303202,76.1170750014013,3.152109180931909,28.46846160006289
San Diego,2024-01-22 14:40:30,-4.103807369625969,47.84057523333364,5.09969716156803,0.5491590973703575
Chicago,2024-04-08 08:53:31,36.504066033924346,39.96902161325423,3.309700868217992,23.054383198784446
Dallas,2024-03-11 22:35:00,7.535744800697543,49.33762241388462,7.206971585333104,25.09053332020475
Los Angeles,2024-03-03 15:12:20,27.83268704527924,89.42030250661011,7.562508781039354,25.352118144858487
San Diego,2024-03-04 01:36:49,24.273155290694177,32.43877827479648,9.796591341301728,10.743860161142466
New York,2024-01-05 17:55:22,24.5260932179676,46.51098940134109,4.962323445553083,28.37497049656899
Dallas,2024-03-02 05:19:27,0.358194190524733,36.64453525502967,0.7951472297295781,24.17285375905508
Houston,2024-01-21 17:49:53,34.51366748993223,30.089553296023627,2.5811696085404776,6.503910510055192
Philadelphia,2024-02-24 21:37:04,30.591197410909217,33.85168215051647,9.195698772813556,27.901780245053715
Chicago,2024-01-27 02:47:10,-5.846530960945231,35.02803823704323,2.5893411981362027,10.443009943503744
Chicago,2024-02-13 07:58:58,36.99735756406847,38.86950532218447,4.079547737480711,5.984712893878586
Houston,2024-02-29 19:40:53,17.11408292483607,56.352615192464256,0.7967785905344182,22.15780460505023
Dallas,2024-05-18 11:17:12,-2.3623593028877474,85.02111436646133,3.183588413080456,23.26838300135199
Chicago,2024-05-01 10:22:33,21.09333975592396,32.723254059634364,6.8311580399414975,6.587747320548135
San Jose,2024-04-24 21:34:24,36.36664340721531,71.47431282439527,0.0315144242144715,20.17211470918017
Los Angeles,2024-05-18 03:24:52,6.817889726166648,89.3773599595078,1.365166448073466,6.799121023112812
Dallas,2024-05-10 04:17:26,9.565712999648898,34.55061855028765,1.8355142168596783,4.941347369513646
New York,2024-02-19 18:10:14,30.97182667524397,60.862317439919664,9.668080372302969,15.321056661136897
Chicago,2024-04-16 14:32:58,-9.019757468890608,58.421037792907065,7.022738314243366,28.879595918462886
Phoenix,2024-04-12 14:40:21,23.084283014375337,51.009913752617166,0.9271802648994388,7.829368814416751
Houston,2024-03-20 04:40:26,27.644882172735294,87.8755633753309,3.2615422879241507,29.31122196181869
San Jose,2024-02-12 19:13:00,1.6809849591084929,31.028575793385905,8.842139781232296,3.375794289350233
Houston,2024-03-30 00:35:42,-1.7370091850318978,40.28700635487407,2.325107185796378,26.136038001813944
New York,2024-03-09 06:00:04,-7.309293256648083,79.69157811654856,3.2197064476533424,18.336314427489043
Chicago,2024-02-04 22:15:48,-6.12186863020526,69.52323926623987,9.135770672793454,0.7407813609825575
Houston,2024-04-22 12:35:18,1.632559089995814,80.19919651934401,3.464072513638825,25.52362665365383
Phoenix,2024-03-23 11:00:51,25.19364697766084,85.65570119399817,2.2851126863329627,21.7665523141865
San Jose,2024-01-02 18:56:17,13.6758117949649,62.05984392296037,4.044640366705793,19.83223138071628
Dallas,2024-04-30 10:38:19,10.65438662100939,35.53700691831298,2.087066207987493,7.012974612632139
New York,2024-01-16 14:34:36,38.856793295952215,67.61354549041039,1.4345181313679078,15.223609020519092
Chicago,2024-03-04 22:57:00,11.36837324059276,83.9262533616228,5.5610516271842005,9.309119215508302
Chicago,2024-02-21 03:35:38,39.0846365778466,67.55705305031006,5.378014438109513,1.845525611475844
Houston,2024-02-21 01:15:58,2.7137323025093902,88.6451999933138,0.6547453520439894,2.3008506259762127
Philadelphia,2024-04-18 07:18:17,-0.9031174912020354,73.93471190267677,8.25346721014235,14.93755969441498
San Antonio,2024-03-16 20:04:05,-0.710974858665411,61.17868846754318,4.972487346367588,15.71067866673824
Phoenix,2024-04-20 18:12:52,1.928490261432929,77.22657146357338,3.591486986305457,11.1901707441721
Houston,2024-04-17 16:14:11,31.11059848506572,56.05220286551349,6.283192572146748,22.16520166540944
San Diego,2024-05-17 15:13:58,13.60242542979644,59.62536569585311,7.508309088557372,2.040826830391622
Phoenix,2024-03-04 19:47:32,7.728735849909828,67.451368454484,0.7141750036695849,4.697768438714975
New York,2024-05-18 10:16:22,-3.359449577117176,35.89871315416427,3.982829227182736,26.182552825025525
New York,2024-01-27 16:15:26,30.08370514924807,59.27124789773279,8.347593570792263,0.5850188595866479
Philadelphia,2024-03-19 04:54:27,25.957712075704016,81.7785989922919,2.423476533781639,13.948571413405642
San Diego,2024-02-26 12:56:40,12.482078988189295,83.8028898213644,1.888047136888793,11.284928913662986
San Jose,2024-01-15 07:42:19,25.41425704014676,69.79392298251075,0.4945641944200807,25.642962756976587
New York,2024-03-21 02:10:15,28.5943367690142,53.82854922875471,4.062602679982938,12.574530265393758
Houston,2024-03-16 04:03:16,1.2883187331694668,55.17093666845185,1.0022590565518286,19.78442817336194
San Diego,2024-01-27 20:57:22,8.090259952280508,35.47861056904693,6.579276898103652,20.568763413769904
New York,2024-01-02 05:41:19,-8.154074262803976,66.6991069938671,9.442078626530773,12.331346041807858
San Antonio,2024-04-09 03:34:37,25.8592194510396,33.410692973111175,6.354854844063627,23.015587547737624
Houston,2024-01-27 10:25:39,6.91331167422852,42.24464166142501,9.150790104417316,21.447693554710163
San Jose,2024-01-09 14:28:04,22.1985246344074,49.30226334787669,0.2749374249377301,17.976938553557257
Phoenix,2024-02-14 23:59:41,18.79578043848856,58.10405921301327,3.94133160280572,25.301951842567128
New York,2024-03-27 13:12:18,25.08616349238149,76.35066083006333,5.296679933044587,28.060932977202068
Chicago,2024-02-29 22:40:42,36.97324220344501,88.84865451102297,6.2808563413124965,25.211912410737963
Chicago,2024-03-23 17:24:13,7.411299312853927,48.07950329931105,8.065847538351413,9.404988170203838
Philadelphia,2024-05-10 04:14:05,25.279830614460288,73.26011809995046,0.1744491506039081,18.22179730846275
Chicago,2024-03-27 11:53:00,14.225724817298872,32.92945334244607,6.626813145579755,19.162435554158225
San Diego,2024-02-14 09:49:51,37.9877810858007,31.848981014061486,9.54721358356216,21.27846549596915
San Antonio,2024-02-04 16:12:01,17.067792843107625,74.92567885321932,6.172092176636351,12.798023316998009
Philadelphia,2024-04-25 03:43:53,-8.30376830252403,63.753283193292965,9.688039962589334,29.51242700590793
Chicago,2024-03-06 06:27:26,5.642304307648407,73.30431632660873,4.456901157840843,27.42811973819265
San Antonio,2024-01-29 10:21:35,7.856289748837895,52.91773882589915,1.5639989894373163,24.072656672914945
San Jose,2024-03-01 16:27:53,-1.1456007436436408,30.84215898372255,5.616104615158676,4.9042593559869
Philadelphia,2024-03-17 16:59:17,38.37616807113013,73.55927980119168,8.261314954389128,17.17656609663253
New York,2024-05-17 06:21:22,-9.764396372659292,79.85499859824691,8.203097021232441,13.837787305235578
San Antonio,2024-03-04 22:52:52,5.30246516979954,86.3839723372923,3.370807103229033,13.711524688178429
San Diego,2024-02-11 00:06:50,19.29666684012687,47.64766325795589,0.9955362130244084,29.595980148484
Houston,2024-05-11 23:00:45,-4.38348705161726,57.36984213511538,2.418375995726195,10.717095722876234
Los Angeles,2024-04-25 17:54:28,37.65670492535863,61.68322761157367,0.7359108087761179,28.912811675150195
Chicago,2024-04-21 11:17:28,18.46124949923298,71.92852854929693,8.906716753813152,26.2854341938512
San Diego,2024-04-20 06:32:37,-9.53078788546369,78.18729953023978,5.53595233433687,20.80847749531393
San Antonio,2024-01-08 12:46:50,3.2266148753920447,88.78010575478203,9.188215123219528,13.262513359093347
Dallas,2024-01-11 04:18:32,15.84086076525492,81.00760512947573,1.535871470095741,10.92068634593604
Dallas,2024-02-08 01:25:50,6.383664863896129,75.73338368622419,7.242606982761956,19.115703232013008
San Antonio,2024-02-27 03:17:49,20.07220457199612,79.9464312814764,7.519856906906625,18.291552074701524
San Jose,2024-02-19 11:17:46,38.415251385228366,40.83588547489542,3.983257167636736,11.200973509129945
Phoenix,2024-03-14 10:33:11,38.95697128133387,47.91824993006874,2.7996995791849333,15.481816429417572
Philadelphia,2024-02-07 21:16:23,-7.100982331242736,61.62236789941882,5.837450402220743,10.286314397376792
San Antonio,2024-05-11 03:25:56,33.92607697713234,42.48215977385806,2.6690136702329967,29.43793694127603
San Antonio,2024-04-30 19:16:06,-4.883062832451925,86.82061203603844,3.368896728044604,15.701357032727485
Dallas,2024-02-19 13:07:58,14.592688024088606,79.44527112460932,2.13375583282316,16.000602307935246
San Diego,2024-04-04 16:45:27,9.204913635448012,61.82661339881612,7.058901373498395,9.180102570612792
Chicago,2024-04-12 10:52:06,15.715397994370008,47.5052485548068,1.0760446101123,19.902756029124383
Los Angeles,2024-03-27 21:58:44,30.17810208965412,42.70231310811493,4.156638252194192,8.325858112654622
New York,2024-02-26 02:46:24,-7.405878829645298,44.539294939165934,8.388377597387798,1.058948331840056
Houston,2024-04-05 19:47:43,19.66442038463236,85.00797989900357,6.967156963539703,17.12853067776368
San Diego,2024-05-16 13:17:06,-2.145865284443495,51.7480331855342,2.4669637284173085,11.401394004936355
Chicago,2024-02-05 07:52:37,29.22944659971161,49.02856036666583,7.651273428507483,19.887264150899167
San Jose,2024-05-04 18:40:40,9.008456133551777,33.44089158660337,1.2133130806070658,11.74706360376806
Los Angeles,2024-02-20 08:19:23,5.121385744065197,71.74656719055278,2.9620640510899654,17.41463366445841
San Jose,2024-03-09 20:49:18,14.4617826843425,82.49921186997875,3.603854846408887,17.76552974761711
Chicago,2024-01-18 07:05:24,33.45163147502565,62.109368666439,6.55184453470172,4.125888737195269
San Diego,2024-04-18 05:35:58,12.304939428144571,40.21963160978757,5.96757403035825,10.236957513447948
San Diego,2024-03-13 12:56:19,-1.1420824284362894,50.81514266019539,2.2120440127681693,25.66272797546221
Houston,2024-05-05 02:46:47,30.38144598503577,83.13387764020956,2.4111016797475724,26.59432160096432
Philadelphia,2024-05-17 07:10:32,28.383083481428088,71.384727879005,3.0433230628572105,5.171706247237279
New York,2024-01-10 21:59:53,-3.953137038568169,79.69988543044985,0.8168819259140092,10.251691574263806
San Diego,2024-03-01 21:31:38,0.3960670747064547,71.9795224883521,1.459330632265966,26.692164650860644
Dallas,2024-03-27 11:59:57,-2.9669195322984425,55.69092455627451,9.95188389101569,27.672421266312355
San Jose,2024-03-30 10:55:00,-2.6544033795025754,52.03598799682598,9.948158479830408,14.099887602899887
New York,2024-03-09 19:36:46,13.47876824712618,31.57280326875382,0.7135614373782329,9.800380564632018
New York,2024-04-26 02:15:03,11.469786205050609,66.07440239471147,1.4885686424987243,26.39214095784944
San Diego,2024-02-04 02:50:20,-5.887569713650006,39.024200545042525,2.5657498258290823,17.33469598319005
San Diego,2024-05-12 04:58:17,4.183284101421368,33.225158245536534,0.3193861804700149,11.050113249444044
San Diego,2024-03-30 18:39:43,38.77831990053375,55.807406917828814,9.415155637493571,0.2238626873473137
Phoenix,2024-02-20 20:44:57,4.309593942864916,52.017807387403536,7.558237765985916,2.716799788257425
Dallas,2024-02-10 09:51:26,1.3940631763484852,47.48624024974529,0.2582351774291724,23.12906995907529
San Diego,2024-04-18 07:14:12,22.037287125471543,70.54360981646795,8.207489917441887,17.85823172853712
Phoenix,2024-05-14 06:03:06,4.612185352219937,62.31351840636656,3.983513839064869,2.649285048518953
San Antonio,2024-04-24 23:37:18,29.959474423024744,87.1036419948996,3.6162406539769822,17.8211714088912
San Jose,2024-01-02 13:08:11,3.040079576383256,51.91375548598939,4.521708282015744,26.306190448437164
Chicago,2024-02-17 11:05:49,5.453734269051466,78.6834925587132,6.14657760718083,17.342825374876913
Chicago,2024-02-19 04:54:00,3.885181571210003,59.49731605064663,7.41360246833578,28.93148605436492
San Diego,2024-01-31 01:43:20,20.08034785703132,51.89499661976909,9.979369864518482,28.89266504260392
San Antonio,2024-04-07 07:50:25,-4.02259772595758,82.40265162814723,5.109116728049935,10.62572332048656
New York,2024-03-14 10:25:23,12.275423630812371,39.260712411239766,1.804237964945208,14.40184473726742
San Antonio,2024-03-25 20:20:39,0.52278403142809,44.98481394711551,2.2574776868740565,7.123634844872636
Chicago,2024-05-03 22:08:28,26.38393270956489,46.30723881236857,0.5454106304086004,23.526622286393387
Philadelphia,2024-02-23 17:20:34,7.082478274270535,53.26931599918085,5.768926924329902,17.71859733599113
Chicago,2024-02-19 22:42:38,-0.0477647218951062,48.127709668276,6.92380585728185,18.87459580970032
San Antonio,2024-04-13 01:18:51,-9.563512283910516,86.45132052216888,7.424945215574428,9.217102315260618
Chicago,2024-03-15 08:29:09,38.66337430130066,69.22613622125824,7.692376734357458,16.674490597226544
Chicago,2024-03-25 06:49:07,4.390421588838487,38.78533343128744,0.3358299889336125,3.417962797253896
San Jose,2024-01-25 13:16:59,21.92137105026244,88.91903894552105,6.804793986733799,24.52889453455121
San Jose,2024-01-13 01:42:41,-7.390042774995833,57.10133224316394,2.9543038622736773,4.836113109744487
San Jose,2024-01-04 23:10:05,30.38570551932748,36.99362632327622,8.258764819705178,27.34659762121928
Chicago,2024-05-17 21:39:07,37.78653235621673,66.21753834726672,9.510051429657828,17.83866688164779
San Diego,2024-01-20 22:24:35,36.78655964723801,86.07551188344647,8.794361949337121,15.879121282393772
New York,2024-03-30 08:20:12,3.720839322462908,68.90813298625525,7.844995892619279,20.031785600121363
San Antonio,2024-01-04 00:26:42,10.996630679855848,71.57069065045438,1.2556655777466053,4.688684257317147
Houston,2024-01-03 07:11:18,31.93929111007341,51.57525546914228,8.182444770331136,1.367555691633121
Chicago,2024-03-06 08:41:25,14.42105152795726,46.56439909785463,4.023062763895265,7.14857714968868
Philadelphia,2024-04-22 00:01:18,33.35600742720606,72.49036846895787,5.032779372725848,29.47724813313353
San Diego,2024-03-07 19:44:54,25.962380735157,42.96108567113868,3.898698924550677,8.92958786679687
Phoenix,2024-02-11 01:55:02,-0.957447407774472,82.00376479885033,7.791603493716525,26.070608295250924
Chicago,2024-05-06 06:30:56,25.27034281639416,40.575415654803166,7.149519175084782,18.655875436673902
New York,2024-02-23 13:21:46,23.30754042022292,59.71406007732516,2.2011394027912,6.347905935512977
Phoenix,2024-04-06 20:08:05,-8.76585426397299,71.2018220364867,6.117149355511123,14.60397222996847
Houston,2024-05-03 23:04:53,6.667009592216569,61.55625977372246,9.341144953682804,23.710249225646645
San Antonio,2024-02-11 10:29:57,9.878507575762498,71.99528079177234,9.224850757509678,27.65889479984833
Los Angeles,2024-01-08 06:27:06,38.69345693717344,84.5622355110151,8.411832397164185,4.3177832727602965
Phoenix,2024-03-04 00:55:38,0.0423232335562158,32.20099460207445,7.254141762741098,2.660617297636171
San Jose,2024-03-17 11:15:59,4.854669758738442,78.87282944987045,8.663914265479375,26.66050663509216
San Antonio,2024-03-18 08:30:12,30.515927698894195,48.17808034501547,9.911775204154754,11.87632120706708
Phoenix,2024-04-13 04:00:39,30.076939638839967,61.252613410085615,3.163723245273645,6.30731814092416
Dallas,2024-03-29 06:35:57,-6.031664479706075,88.11052887318436,4.622278986601621,3.027736811285707
Phoenix,2024-01-17 06:33:48,4.353031886009812,55.92217350656472,8.190513950047873,0.9828049446730946
Philadelphia,2024-02-27 08:03:10,20.35024478414431,67.42137953933752,8.468243621366625,25.274518101276684
Dallas,2024-04-29 05:29:14,35.724910544844185,66.65103355823004,2.304707506985977,26.02162131585427
Houston,2024-05-10 03:31:11,19.12268188705292,89.87159657620401,4.761164408977084,17.9480026416547
Chicago,2024-04-27 17:03:07,9.090191925417017,30.328339003590056,3.430844897365126,17.971962086231457
San Jose,2024-02-03 01:00:58,9.895684094896726,82.57000680328741,3.569305406342421,19.97196687502873
Philadelphia,2024-01-10 08:55:45,12.607172664414758,37.51380166019577,1.886905926784156,11.94442074679166
Houston,2024-02-02 09:44:12,2.673471232783145,85.39805251046353,0.6590468533696259,13.521298284749191
San Diego,2024-05-02 06:51:50,31.846193084261174,64.54709655083138,8.319463497545193,18.85308486297957
Chicago,2024-02-08 09:26:57,16.663041050126285,46.91291288215376,9.551188683946233,12.220140018833954
San Antonio,2024-03-14 05:13:20,19.7928280239935,34.35192694276014,6.904923302923644,0.6758032920248802
San Antonio,2024-04-27 07:58:13,-0.854876341885749,45.939418301045535,5.616139960227891,23.02017105680949
Chicago,2024-02-13 15:36:09,19.106456820021386,79.9540685407867,4.929439246441679,3.49363596217156
New York,2024-02-08 20:50:43,0.4420662992642192,81.63212038495675,5.327489524588294,27.341304734430096
Houston,2024-04-02 11:57:37,4.277028553631494,78.71765175303491,6.301246357986354,1.5025750522007753
San Jose,2024-05-18 16:56:20,-2.8782790928824102,42.7990101217689,8.751599538867534,28.70502749795496
Houston,2024-05-15 11:50:26,26.972342022489045,52.08457036051975,7.941607992374013,18.421824971916514
Philadelphia,2024-03-11 13:55:47,17.44816222393467,70.47157204913026,1.796682340608956,22.83348436638547
Dallas,2024-01-17 07:52:43,32.64531591713641,57.47569306971371,4.716257972520679,22.918259857417063
Chicago,2024-01-03 06:02:59,10.445715472292786,34.3887621125001,0.3198637620068101,12.90689528676085
Chicago,2024-05-15 03:35:13,21.201469398157123,83.47977733118837,0.5614357042088736,0.7230416404234397
Philadelphia,2024-01-11 19:15:21,9.905456246241666,50.9331988080701,6.032921877525065,15.229903438937974
